CTNID,StudyName,CruiseTow,Cruise,Year,CruiseName,Ship,CruiseDateStart,CruiseDateEnd,TZZoneName,CruisePersID,Tow_number,R2R_Event,Epoch,DayEpoch,Date,DateTimeStart,DateTimeLocal,TimeStart,TimeLocal,DayNight,LatDegStart,LatMinStart,LatitudeStart,LongDegStart,LongMinStart,LongitudeStart,DateTimeEnd,DateTimeLocalEnd,TimeEnd,TimeLocalEnd,LatDegEnd,LatMinEnd,LatitudeEnd,LongDegEnd,LongMinEnd,LongitudeEnd,DurationTow,SolarElevationCorr,Heading,SOG,WaterDepth,WindSpeed,WindDirection,Weather,CloudCover,Seas,SST,SSS,TowPersID,NetID,NetName,MeshSize,NetLength,LengthHorizontal,LengthVertical,AreaM2,TowType,DepthTarget,DepthMaximum,WireOut,R2R_EventCTD,Cast,MOCDNPair,PreCast,PostCast,FirstMCN,Net_number,DepthStart,DepthEnd,DepthInterval,TimeNet,Dpth,AngleNet,FlowCounts,VolFilt,Temp,Sal,PayRetrievRate,FracBiom,FracPreserved,FracETS,FracGutFluor,FracGutContents,maxVolFiltM3,CruiseNotes,NetNotes,CTNNotes
200101,EXPORTS,2001,2,2021,JC214,Cook,5/1/21,6/1/21,Etc/UTC,SteD/MaaA/CopJ/ShaK/GosH,1,jc214-SE-20210504.1720.001,1,0,5/4/21,2021-05-04T17:51:00,2021-05-04T17:51:00,17:51:00,17:51:00,Day,49,4.12446,49.068741,14,57.52776,-14.958796,2021-05-04T18:39:00,2021-05-04T18:39:00,18:39:00,18:39:00,49,4.90495,49.08174917,14,59.10172,-14.98502867,48,-5.505650885,323,1.3,4651.1,7.28,70,,60,1,12.65,35.524,SteD/MaaA/CopJ/ShaK/GosH/HarM/ForI/BurB/ChiD,1,MOCNESS-1,222,6000,1000,1415,1.415,Oblique,0-100,110.6,196.9,jc214-SE-20210504.1453.001,,,0,9999999999,,1,0,100,0-100,18:10,100,55.4,282,559.4,11.573,35.533,10,,,,,,,,Measurements from Wiebe et al 1985/Baker et al 1973/ MOCNESS Manual.,
200102,EXPORTS,2001,2,2021,JC214,Cook,5/1/21,6/1/21,Etc/UTC,SteD/MaaA/CopJ/ShaK/GosH,1,jc214-SE-20210504.1720.001,1,0,5/4/21,2021-05-04T17:51:00,2021-05-04T17:51:00,17:51:00,17:51:00,Day,49,4.12446,49.068741,14,57.52776,-14.958796,2021-05-04T18:39:00,2021-05-04T18:39:00,18:39:00,18:39:00,49,4.90495,49.08174917,14,59.10172,-14.98502867,48,-5.505650885,323,1.3,4651.1,7.28,70,,60,1,12.65,35.524,SteD/MaaA/CopJ/ShaK/GosH/HarM/ForI/BurB/ChiD,1,MOCNESS-1,222,6000,1000,1415,1.415,Oblique,0-100,110.6,196.9,jc214-SE-20210504.1453.001,,,0,9999999999,,2,100,50,100-50,18:22,51.3,54.7,152,351.7,12.174,35.535,10,,,,,,,,Measurements from Wiebe et al 1985/Baker et al 1973/ MOCNESS Manual.,
200103,EXPORTS,2001,2,2021,JC214,Cook,5/1/21,6/1/21,Etc/UTC,SteD/MaaA/CopJ/ShaK/GosH,1,jc214-SE-20210504.1720.001,1,0,5/4/21,2021-05-04T17:51:00,2021-05-04T17:51:00,17:51:00,17:51:00,Day,49,4.12446,49.068741,14,57.52776,-14.958796,2021-05-04T18:39:00,2021-05-04T18:39:00,18:39:00,18:39:00,49,4.90495,49.08174917,14,59.10172,-14.98502867,48,-5.505650885,323,1.3,4651.1,7.28,70,,60,1,12.65,35.524,SteD/MaaA/CopJ/ShaK/GosH/HarM/ForI/BurB/ChiD,1,MOCNESS-1,222,6000,1000,1415,1.415,Oblique,0-100,110.6,196.9,jc214-SE-20210504.1453.001,,,0,9999999999,,3,50,0,50-0,18:39,,,,,,,10,,,,,,,,Measurements from Wiebe et al 1985/Baker et al 1973/ MOCNESS Manual.,
201001,EXPORTS,2010,2,2021,JC214,Cook,5/1/21,6/1/21,Etc/UTC,SteD/MaaA/CopJ/ShaK/GosH,10,jc214-SE-20210506.1053.001,1,2,5/6/21,2021-05-06T10:53:00,2021-05-06T10:53:00,10:53:00,10:53:00,Day,48,56.15448,48.935908,14,48.20982,-14.803497,2021-05-06T14:54:00,2021-05-06T14:54:00,14:54:00,14:54:00,48,58.145,48.96908333,15,2.572,-15.04286667,241,24.39188239,283,1.7,4665.1,6.24,270,,40,1,12.42,35.516,SteD/MaaA/CopJ/GosH/HarM/PowT,1,MOCNESS-1,222,6000,1000,1415,1.415,Oblique,0-1000,1013.7,2000,jc214-SE-20210506.1658.001,1,7,2010010107,2010100531,2010010011,1,0,1000,0-1000,12:06,1000,50.5,915,2123.8,9.086,35.464,10/20/30/40/30/20/10/0,,,,,,3926.8,,Measurements from Wiebe et al 1985/Baker et al 1973/ MOCNESS Manual.,
201002,EXPORTS,2010,2,2021,JC214,Cook,5/1/21,6/1/21,Etc/UTC,SteD/MaaA/CopJ/ShaK/GosH,10,jc214-SE-20210506.1053.001,1,2,5/6/21,2021-05-06T10:53:00,2021-05-06T10:53:00,10:53:00,10:53:00,Day,48,56.15448,48.935908,14,48.20982,-14.803497,2021-05-06T14:54:00,2021-05-06T14:54:00,14:54:00,14:54:00,48,58.145,48.96908333,15,2.572,-15.04286667,241,24.39188239,283,1.7,4665.1,6.24,270,,40,1,12.42,35.516,SteD/MaaA/CopJ/GosH/HarM/PowT,1,MOCNESS-1,222,6000,1000,1415,1.415,Oblique,0-1000,1013.7,2000,jc214-SE-20210506.1658.001,1,7,2010010107,2010100531,2010010011,2,1000,750,1000-750,12:43,750.4,58.1,538,1057.7,10.585,35.437,0.666666667,4,,,,,1971.8,,Measurements from Wiebe et al 1985/Baker et al 1973/ MOCNESS Manual.,
201003,EXPORTS,2010,2,2021,JC214,Cook,5/1/21,6/1/21,Etc/UTC,SteD/MaaA/CopJ/ShaK/GosH,10,jc214-SE-20210506.1053.001,1,2,5/6/21,2021-05-06T10:53:00,2021-05-06T10:53:00,10:53:00,10:53:00,Day,48,56.15448,48.935908,14,48.20982,-14.803497,2021-05-06T14:54:00,2021-05-06T14:54:00,14:54:00,14:54:00,48,58.145,48.96908333,15,2.572,-15.04286667,241,24.39188239,283,1.7,4665.1,6.24,270,,40,1,12.42,35.516,SteD/MaaA/CopJ/GosH/HarM/PowT,1,MOCNESS-1,222,6000,1000,1415,1.415,Oblique,0-1000,1013.7,2000,jc214-SE-20210506.1658.001,1,7,2010010107,2010100531,2010010011,3,750,500,750-500,13:19,499.2,56.5,507,1019.1,10.861,35.461,-15,4,,,,,1894.2,,Measurements from Wiebe et al 1985/Baker et al 1973/ MOCNESS Manual.,Metal ball on end of lanyard was broken.
201004,EXPORTS,2010,2,2021,JC214,Cook,5/1/21,6/1/21,Etc/UTC,SteD/MaaA/CopJ/ShaK/GosH,10,jc214-SE-20210506.1053.001,1,2,5/6/21,2021-05-06T10:53:00,2021-05-06T10:53:00,10:53:00,10:53:00,Day,48,56.15448,48.935908,14,48.20982,-14.803497,2021-05-06T14:54:00,2021-05-06T14:54:00,14:54:00,14:54:00,48,58.145,48.96908333,15,2.572,-15.04286667,241,24.39188239,283,1.7,4665.1,6.24,270,,40,1,12.42,35.516,SteD/MaaA/CopJ/GosH/HarM/PowT,1,MOCNESS-1,222,6000,1000,1415,1.415,Oblique,0-1000,1013.7,2000,jc214-SE-20210506.1658.001,1,7,2010010107,2010100531,2010010011,4,500,400,500-400,13:34,399.8,58,202,387,10.858,35.461,-10,4,,,,,720.5,,Measurements from Wiebe et al 1985/Baker et al 1973/ MOCNESS Manual.,
201005,EXPORTS,2010,2,2021,JC214,Cook,5/1/21,6/1/21,Etc/UTC,SteD/MaaA/CopJ/ShaK/GosH,10,jc214-SE-20210506.1053.001,1,2,5/6/21,2021-05-06T10:53:00,2021-05-06T10:53:00,10:53:00,10:53:00,Day,48,56.15448,48.935908,14,48.20982,-14.803497,2021-05-06T14:54:00,2021-05-06T14:54:00,14:54:00,14:54:00,48,58.145,48.96908333,15,2.572,-15.04286667,241,24.39188239,283,1.7,4665.1,6.24,270,,40,1,12.42,35.516,SteD/MaaA/CopJ/GosH/HarM/PowT,1,MOCNESS-1,222,6000,1000,1415,1.415,Oblique,0-1000,1013.7,2000,jc214-SE-20210506.1658.001,1,7,2010010107,2010100531,2010010011,5,400,300,400-300,13:55,300.3,57,301,582.5,10.907,35.466,-10,4,,,,,1088.3,,Measurements from Wiebe et al 1985/Baker et al 1973/ MOCNESS Manual.,
201006,EXPORTS,2010,2,2021,JC214,Cook,5/1/21,6/1/21,Etc/UTC,SteD/MaaA/CopJ/ShaK/GosH,10,jc214-SE-20210506.1053.001,1,2,5/6/21,2021-05-06T10:53:00,2021-05-06T10:53:00,10:53:00,10:53:00,Day,48,56.15448,48.935908,14,48.20982,-14.803497,2021-05-06T14:54:00,2021-05-06T14:54:00,14:54:00,14:54:00,48,58.145,48.96908333,15,2.572,-15.04286667,241,24.39188239,283,1.7,4665.1,6.24,270,,40,1,12.42,35.516,SteD/MaaA/CopJ/GosH/HarM/PowT,1,MOCNESS-1,222,6000,1000,1415,1.415,Oblique,0-1000,1013.7,2000,jc214-SE-20210506.1658.001,1,7,2010010107,2010100531,2010010011,6,300,200,300-200,14:15,200,57.7,271,550.7,11.005,35.473,-10,4,,,,,1015.7,,Measurements from Wiebe et al 1985/Baker et al 1973/ MOCNESS Manual.,
201007,EXPORTS,2010,2,2021,JC214,Cook,5/1/21,6/1/21,Etc/UTC,SteD/MaaA/CopJ/ShaK/GosH,10,jc214-SE-20210506.1053.001,1,2,5/6/21,2021-05-06T10:53:00,2021-05-06T10:53:00,10:53:00,10:53:00,Day,48,56.15448,48.935908,14,48.20982,-14.803497,2021-05-06T14:54:00,2021-05-06T14:54:00,14:54:00,14:54:00,48,58.145,48.96908333,15,2.572,-15.04286667,241,24.39188239,283,1.7,4665.1,6.24,270,,40,1,12.42,35.516,SteD/MaaA/CopJ/GosH/HarM/PowT,1,MOCNESS-1,222,6000,1000,1415,1.415,Oblique,0-1000,1013.7,2000,jc214-SE-20210506.1658.001,1,7,2010010107,2010100531,2010010011,7,200,150,200-150,14:25,150.6,54.2,136,265.7,11.155,35.486,-10,4,,,,,499.7,,Measurements from Wiebe et al 1985/Baker et al 1973/ MOCNESS Manual.,
201008,EXPORTS,2010,2,2021,JC214,Cook,5/1/21,6/1/21,Etc/UTC,SteD/MaaA/CopJ/ShaK/GosH,10,jc214-SE-20210506.1053.001,1,2,5/6/21,2021-05-06T10:53:00,2021-05-06T10:53:00,10:53:00,10:53:00,Day,48,56.15448,48.935908,14,48.20982,-14.803497,2021-05-06T14:54:00,2021-05-06T14:54:00,14:54:00,14:54:00,48,58.145,48.96908333,15,2.572,-15.04286667,241,24.39188239,283,1.7,4665.1,6.24,270,,40,1,12.42,35.516,SteD/MaaA/CopJ/GosH/HarM/PowT,1,MOCNESS-1,222,6000,1000,1415,1.415,Oblique,0-1000,1013.7,2000,jc214-SE-20210506.1658.001,1,7,2010010107,2010100531,2010010011,8,150,100,150-100,14:33,99.7,54.2,122,240.4,11.459,35.522,-10,4,,,,,451.7,,Measurements from Wiebe et al 1985/Baker et al 1973/ MOCNESS Manual.,
201009,EXPORTS,2010,2,2021,JC214,Cook,5/1/21,6/1/21,Etc/UTC,SteD/MaaA/CopJ/ShaK/GosH,10,jc214-SE-20210506.1053.001,1,2,5/6/21,2021-05-06T10:53:00,2021-05-06T10:53:00,10:53:00,10:53:00,Day,48,56.15448,48.935908,14,48.20982,-14.803497,2021-05-06T14:54:00,2021-05-06T14:54:00,14:54:00,14:54:00,48,58.145,48.96908333,15,2.572,-15.04286667,241,24.39188239,283,1.7,4665.1,6.24,270,,40,1,12.42,35.516,SteD/MaaA/CopJ/GosH/HarM/PowT,1,MOCNESS-1,222,6000,1000,1415,1.415,Oblique,0-1000,1013.7,2000,jc214-SE-20210506.1658.001,1,7,2010010107,2010100531,2010010011,9,100,50,100-50,14:43,49.5,58.1,145,283,11.642,35.534,-10,4,,,,,528.7,,Measurements from Wiebe et al 1985/Baker et al 1973/ MOCNESS Manual.,Switched over to back deck at 14:37.
201010,EXPORTS,2010,2,2021,JC214,Cook,5/1/21,6/1/21,Etc/UTC,SteD/MaaA/CopJ/ShaK/GosH,10,jc214-SE-20210506.1053.001,1,2,5/6/21,2021-05-06T10:53:00,2021-05-06T10:53:00,10:53:00,10:53:00,Day,48,56.15448,48.935908,14,48.20982,-14.803497,2021-05-06T14:54:00,2021-05-06T14:54:00,14:54:00,14:54:00,48,58.145,48.96908333,15,2.572,-15.04286667,241,24.39188239,283,1.7,4665.1,6.24,270,,40,1,12.42,35.516,SteD/MaaA/CopJ/GosH/HarM/PowT,1,MOCNESS-1,222,6000,1000,1415,1.415,Oblique,0-1000,1013.7,2000,jc214-SE-20210506.1658.001,1,7,2010010107,2010100531,2010010011,10,50,0,50-0,14:54,,,144,342.6,,,-10,4,,,,,528.2,,Measurements from Wiebe et al 1985/Baker et al 1973/ MOCNESS Manual.,
201101,EXPORTS,2011,2,2021,JC214,Cook,5/1/21,6/1/21,Etc/UTC,SteD/MaaA/CopJ/ShaK/GosH,11,jc214-SE-20210506.2137.001,1,2,5/6/21,2021-05-06T21:30:00,2021-05-06T21:30:00,21:30:00,21:30:00,Night,48,58.125,48.96875,14,48.108,-14.8018,2021-05-07T01:28:00,2021-05-07T01:28:00,1:28:00,1:28:00,48,58.493,48.97488333,15,2.144,-15.03573333,238,-53.27502393,271.3,2.2,4659.9,2.15,180,,,1,12.86,35.511,SteD/MaaA/CopJ/ShaK/GosH/HarM/GreN/MacD/AgnS/AllJ,1,MOCNESS-1,222,6000,1000,1415,1.415,Oblique,0-1000,1017.4,1964.8,jc214-SE-20210506.2300.001,2,7,2011010042,2011100531,2011010043,1,0,1000,0-1000,22:41,999.9,52.9,916,2045.3,8.906,35.43,10/20/30/40/30/20/10/0,,,,,,3814.6,,Measurements from Wiebe et al 1985/Baker et al 1973/ MOCNESS Manual.,
201102,EXPORTS,2011,2,2021,JC214,Cook,5/1/21,6/1/21,Etc/UTC,SteD/MaaA/CopJ/ShaK/GosH,11,jc214-SE-20210506.2137.001,1,2,5/6/21,2021-05-06T21:30:00,2021-05-06T21:30:00,21:30:00,21:30:00,Night,48,58.125,48.96875,14,48.108,-14.8018,2021-05-07T01:28:00,2021-05-07T01:28:00,1:28:00,1:28:00,48,58.493,48.97488333,15,2.144,-15.03573333,238,-53.27502393,271.3,2.2,4659.9,2.15,180,,,1,12.86,35.511,SteD/MaaA/CopJ/ShaK/GosH/HarM/GreN/MacD/AgnS/AllJ,1,MOCNESS-1,222,6000,1000,1415,1.415,Oblique,0-1000,1017.4,1964.8,jc214-SE-20210506.2300.001,2,7,2011010042,2011100531,2011010043,2,1000,750,1000-750,23:20,748.7,53.5,510,1092.1,10.595,35.417,0.666666667,4,,,,,2016,,Measurements from Wiebe et al 1985/Baker et al 1973/ MOCNESS Manual.,
201103,EXPORTS,2011,2,2021,JC214,Cook,5/1/21,6/1/21,Etc/UTC,SteD/MaaA/CopJ/ShaK/GosH,11,jc214-SE-20210506.2137.001,1,2,5/6/21,2021-05-06T21:30:00,2021-05-06T21:30:00,21:30:00,21:30:00,Night,48,58.125,48.96875,14,48.108,-14.8018,2021-05-07T01:28:00,2021-05-07T01:28:00,1:28:00,1:28:00,48,58.493,48.97488333,15,2.144,-15.03573333,238,-53.27502393,271.3,2.2,4659.9,2.15,180,,,1,12.86,35.511,SteD/MaaA/CopJ/ShaK/GosH/HarM/GreN/MacD/AgnS/AllJ,1,MOCNESS-1,222,6000,1000,1415,1.415,Oblique,0-1000,1017.4,1964.8,jc214-SE-20210506.2300.001,2,7,2011010042,2011100531,2011010043,3,750,500,750-500,23:48,500.5,59,385,735.9,10.86,35.441,-0.1,4,,,,,1373.7,,Measurements from Wiebe et al 1985/Baker et al 1973/ MOCNESS Manual.,
201104,EXPORTS,2011,2,2021,JC214,Cook,5/1/21,6/1/21,Etc/UTC,SteD/MaaA/CopJ/ShaK/GosH,11,jc214-SE-20210506.2137.001,1,2,5/6/21,2021-05-06T21:30:00,2021-05-06T21:30:00,21:30:00,21:30:00,Night,48,58.125,48.96875,14,48.108,-14.8018,2021-05-07T01:28:00,2021-05-07T01:28:00,1:28:00,1:28:00,48,58.493,48.97488333,15,2.144,-15.03573333,238,-53.27502393,271.3,2.2,4659.9,2.15,180,,,1,12.86,35.511,SteD/MaaA/CopJ/ShaK/GosH/HarM/GreN/MacD/AgnS/AllJ,1,MOCNESS-1,222,6000,1000,1415,1.415,Oblique,0-1000,1017.4,1964.8,jc214-SE-20210506.2300.001,2,7,2011010042,2011100531,2011010043,4,500,400,500-400,0:08,399.1,57.2,278,546.6,10.856,35.442,-10,4,,,,,1023,,Measurements from Wiebe et al 1985/Baker et al 1973/ MOCNESS Manual.,Small Cyclothone (1) noted before splitting.
201105,EXPORTS,2011,2,2021,JC214,Cook,5/1/21,6/1/21,Etc/UTC,SteD/MaaA/CopJ/ShaK/GosH,11,jc214-SE-20210506.2137.001,1,2,5/6/21,2021-05-06T21:30:00,2021-05-06T21:30:00,21:30:00,21:30:00,Night,48,58.125,48.96875,14,48.108,-14.8018,2021-05-07T01:28:00,2021-05-07T01:28:00,1:28:00,1:28:00,48,58.493,48.97488333,15,2.144,-15.03573333,238,-53.27502393,271.3,2.2,4659.9,2.15,180,,,1,12.86,35.511,SteD/MaaA/CopJ/ShaK/GosH/HarM/GreN/MacD/AgnS/AllJ,1,MOCNESS-1,222,6000,1000,1415,1.415,Oblique,0-1000,1017.4,1964.8,jc214-SE-20210506.2300.001,2,7,2011010042,2011100531,2011010043,5,400,300,400-300,0:25,300.6,63.8,232,411.7,10.892,35.446,-10,4,,,,,770.4,,Measurements from Wiebe et al 1985/Baker et al 1973/ MOCNESS Manual.,
201106,EXPORTS,2011,2,2021,JC214,Cook,5/1/21,6/1/21,Etc/UTC,SteD/MaaA/CopJ/ShaK/GosH,11,jc214-SE-20210506.2137.001,1,2,5/6/21,2021-05-06T21:30:00,2021-05-06T21:30:00,21:30:00,21:30:00,Night,48,58.125,48.96875,14,48.108,-14.8018,2021-05-07T01:28:00,2021-05-07T01:28:00,1:28:00,1:28:00,48,58.493,48.97488333,15,2.144,-15.03573333,238,-53.27502393,271.3,2.2,4659.9,2.15,180,,,1,12.86,35.511,SteD/MaaA/CopJ/ShaK/GosH/HarM/GreN/MacD/AgnS/AllJ,1,MOCNESS-1,222,6000,1000,1415,1.415,Oblique,0-1000,1017.4,1964.8,jc214-SE-20210506.2300.001,2,7,2011010042,2011100531,2011010043,6,300,200,300-200,0:45,199.5,60,298,586.5,10.963,35.449,-10,4,,,,,1097.8,,Measurements from Wiebe et al 1985/Baker et al 1973/ MOCNESS Manual.,
201107,EXPORTS,2011,2,2021,JC214,Cook,5/1/21,6/1/21,Etc/UTC,SteD/MaaA/CopJ/ShaK/GosH,11,jc214-SE-20210506.2137.001,1,2,5/6/21,2021-05-06T21:30:00,2021-05-06T21:30:00,21:30:00,21:30:00,Night,48,58.125,48.96875,14,48.108,-14.8018,2021-05-07T01:28:00,2021-05-07T01:28:00,1:28:00,1:28:00,48,58.493,48.97488333,15,2.144,-15.03573333,238,-53.27502393,271.3,2.2,4659.9,2.15,180,,,1,12.86,35.511,SteD/MaaA/CopJ/ShaK/GosH/HarM/GreN/MacD/AgnS/AllJ,1,MOCNESS-1,222,6000,1000,1415,1.415,Oblique,0-1000,1017.4,1964.8,jc214-SE-20210506.2300.001,2,7,2011010042,2011100531,2011010043,7,200,150,200-150,0:59,150.5,55,191,385.2,11.131,35.466,-10,4,,,,,720.9,,Measurements from Wiebe et al 1985/Baker et al 1973/ MOCNESS Manual.,
201108,EXPORTS,2011,2,2021,JC214,Cook,5/1/21,6/1/21,Etc/UTC,SteD/MaaA/CopJ/ShaK/GosH,11,jc214-SE-20210506.2137.001,1,2,5/6/21,2021-05-06T21:30:00,2021-05-06T21:30:00,21:30:00,21:30:00,Night,48,58.125,48.96875,14,48.108,-14.8018,2021-05-07T01:28:00,2021-05-07T01:28:00,1:28:00,1:28:00,48,58.493,48.97488333,15,2.144,-15.03573333,238,-53.27502393,271.3,2.2,4659.9,2.15,180,,,1,12.86,35.511,SteD/MaaA/CopJ/ShaK/GosH/HarM/GreN/MacD/AgnS/AllJ,1,MOCNESS-1,222,6000,1000,1415,1.415,Oblique,0-1000,1017.4,1964.8,jc214-SE-20210506.2300.001,2,7,2011010042,2011100531,2011010043,8,150,100,150-100,1:09,100.7,51.3,140,293.6,11.38,35.497,-10,4,,,,,550.9,,Measurements from Wiebe et al 1985/Baker et al 1973/ MOCNESS Manual.,
201109,EXPORTS,2011,2,2021,JC214,Cook,5/1/21,6/1/21,Etc/UTC,SteD/MaaA/CopJ/ShaK/GosH,11,jc214-SE-20210506.2137.001,1,2,5/6/21,2021-05-06T21:30:00,2021-05-06T21:30:00,21:30:00,21:30:00,Night,48,58.125,48.96875,14,48.108,-14.8018,2021-05-07T01:28:00,2021-05-07T01:28:00,1:28:00,1:28:00,48,58.493,48.97488333,15,2.144,-15.03573333,238,-53.27502393,271.3,2.2,4659.9,2.15,180,,,1,12.86,35.511,SteD/MaaA/CopJ/ShaK/GosH/HarM/GreN/MacD/AgnS/AllJ,1,MOCNESS-1,222,6000,1000,1415,1.415,Oblique,0-1000,1017.4,1964.8,jc214-SE-20210506.2300.001,2,7,2011010042,2011100531,2011010043,9,100,50,100-50,1:17,50.5,60.1,122,240.1,12.37,35.52,-10,4,,,,,449.7,,Measurements from Wiebe et al 1985/Baker et al 1973/ MOCNESS Manual.,Switched over to back deck at 01:13.
201202,EXPORTS,2012,2,2021,JC214,Cook,5/1/21,6/1/21,Etc/UTC,SteD/MaaA/CopJ/ShaK/GosH,11,jc214-SE-20210507.0205.001,1,3,5/7/21,2021-05-07T02:02:00,2021-05-07T02:02:00,2:02:00,2:02:00,Night,48,58.549,48.97581667,15,4.055,-15.06758333,2021-05-07T02:31:00,2021-05-07T02:31:00,2:31:00,2:31:00,48,58.592,48.97653333,15,5.518,-15.09196667,29,-54.02222252,268,2.2,4660,14,160,,,,12.82,35.531,SteD/MaaA/CopJ/HarM/ChiD/PowT,1,MOCNESS-1,222,6000,1000,1415,1.415,Oblique,0-50,119.7,61.5,jc214-SE-20210507.0502.001,3,7,2012010095,2012020601,2012010096,10,50,0,50-0,2:31,,,156,347.3,,,-10,4,,,,,523.9,,Measurements from Wiebe et al 1985/Baker et al 1973/ MOCNESS Manual.,
201401,EXPORTS,2014,2,2021,JC214,Cook,5/1/21,6/1/21,Etc/UTC,SteD/MaaA/CopJ/ShaK/GosH,14,jc214-SE-20210511.2139.001,2,1,5/11/21,2021-05-11T21:39:00,2021-05-11T21:39:00,21:39:00,21:39:00,Night,49,1.33494,49.022249,15,1.23708,-15.020618,2021-05-12T01:09:00,2021-05-12T01:09:00,1:09:00,1:09:00,49,5.855,49.09758333,15,9.62,-15.16033333,210,-53.84942345,336,2.1,4674,26.3,270,,,1.5,12.22,35.541,SteD/MaaA/CopJ/ShaK/GosH/CorS/HarM/GreN/MacD/AgnS/AllJ/ChiD,1,MOCNESS-1,222,6000,1000,1415,1.415,Oblique,0-1000,1017.2,1488.6,,4,8,2014010109,2014100682,2014010023,1,0,1000,0-1000,22:42,1002,47.5,611,1432.5,8.889,35.463,10/20/30/40/30/20/10/0,,,,,,2596.2,,Measurements from Wiebe et al 1985/Baker et al 1973/ MOCNESS Manual.,
201402,EXPORTS,2014,2,2021,JC214,Cook,5/1/21,6/1/21,Etc/UTC,SteD/MaaA/CopJ/ShaK/GosH,14,jc214-SE-20210511.2139.001,2,1,5/11/21,2021-05-11T21:39:00,2021-05-11T21:39:00,21:39:00,21:39:00,Night,49,1.33494,49.022249,15,1.23708,-15.020618,2021-05-12T01:09:00,2021-05-12T01:09:00,1:09:00,1:09:00,49,5.855,49.09758333,15,9.62,-15.16033333,210,-53.84942345,336,2.1,4674,26.3,270,,,1.5,12.22,35.541,SteD/MaaA/CopJ/ShaK/GosH/CorS/HarM/GreN/MacD/AgnS/AllJ/ChiD,1,MOCNESS-1,222,6000,1000,1415,1.415,Oblique,0-1000,1017.2,1488.6,,4,8,2014010109,2014100682,2014010023,2,1000,750,1000-750,23:09,748.2,56.3,322,768.7,10.246,35.389,-10,4,,,,,1439.5,,Measurements from Wiebe et al 1985/Baker et al 1973/ MOCNESS Manual.,
201403,EXPORTS,2014,2,2021,JC214,Cook,5/1/21,6/1/21,Etc/UTC,SteD/MaaA/CopJ/ShaK/GosH,14,jc214-SE-20210511.2139.001,2,1,5/11/21,2021-05-11T21:39:00,2021-05-11T21:39:00,21:39:00,21:39:00,Night,49,1.33494,49.022249,15,1.23708,-15.020618,2021-05-12T01:09:00,2021-05-12T01:09:00,1:09:00,1:09:00,49,5.855,49.09758333,15,9.62,-15.16033333,210,-53.84942345,336,2.1,4674,26.3,270,,,1.5,12.22,35.541,SteD/MaaA/CopJ/ShaK/GosH/CorS/HarM/GreN/MacD/AgnS/AllJ/ChiD,1,MOCNESS-1,222,6000,1000,1415,1.415,Oblique,0-1000,1017.2,1488.6,,4,8,2014010109,2014100682,2014010023,3,750,500,750-500,23:44,499.9,53,428,944.8,10.851,35.449,-0.066666667,4,,,,,1770.2,,Measurements from Wiebe et al 1985/Baker et al 1973/ MOCNESS Manual.,
201404,EXPORTS,2014,2,2021,JC214,Cook,5/1/21,6/1/21,Etc/UTC,SteD/MaaA/CopJ/ShaK/GosH,14,jc214-SE-20210511.2139.001,2,1,5/11/21,2021-05-11T21:39:00,2021-05-11T21:39:00,21:39:00,21:39:00,Night,49,1.33494,49.022249,15,1.23708,-15.020618,2021-05-12T01:09:00,2021-05-12T01:09:00,1:09:00,1:09:00,49,5.855,49.09758333,15,9.62,-15.16033333,210,-53.84942345,336,2.1,4674,26.3,270,,,1.5,12.22,35.541,SteD/MaaA/CopJ/ShaK/GosH/CorS/HarM/GreN/MacD/AgnS/AllJ/ChiD,1,MOCNESS-1,222,6000,1000,1415,1.415,Oblique,0-1000,1017.2,1488.6,,4,8,2014010109,2014100682,2014010023,4,500,400,500-400,0:01,398.4,47.9,214,459.1,10.948,35.459,-10,4,,,,,851,,Measurements from Wiebe et al 1985/Baker et al 1973/ MOCNESS Manual.,
201405,EXPORTS,2014,2,2021,JC214,Cook,5/1/21,6/1/21,Etc/UTC,SteD/MaaA/CopJ/ShaK/GosH,14,jc214-SE-20210511.2139.001,2,1,5/11/21,2021-05-11T21:39:00,2021-05-11T21:39:00,21:39:00,21:39:00,Night,49,1.33494,49.022249,15,1.23708,-15.020618,2021-05-12T01:09:00,2021-05-12T01:09:00,1:09:00,1:09:00,49,5.855,49.09758333,15,9.62,-15.16033333,210,-53.84942345,336,2.1,4674,26.3,270,,,1.5,12.22,35.541,SteD/MaaA/CopJ/ShaK/GosH/CorS/HarM/GreN/MacD/AgnS/AllJ/ChiD,1,MOCNESS-1,222,6000,1000,1415,1.415,Oblique,0-1000,1017.2,1488.6,,4,8,2014010109,2014100682,2014010023,5,400,300,400-300,0:13,299.3,55.3,163,342.1,11.022,35.467,-10,4,,,,,638.1,,Measurements from Wiebe et al 1985/Baker et al 1973/ MOCNESS Manual.,
201406,EXPORTS,2014,2,2021,JC214,Cook,5/1/21,6/1/21,Etc/UTC,SteD/MaaA/CopJ/ShaK/GosH,14,jc214-SE-20210511.2139.001,2,1,5/11/21,2021-05-11T21:39:00,2021-05-11T21:39:00,21:39:00,21:39:00,Night,49,1.33494,49.022249,15,1.23708,-15.020618,2021-05-12T01:09:00,2021-05-12T01:09:00,1:09:00,1:09:00,49,5.855,49.09758333,15,9.62,-15.16033333,210,-53.84942345,336,2.1,4674,26.3,270,,,1.5,12.22,35.541,SteD/MaaA/CopJ/ShaK/GosH/CorS/HarM/GreN/MacD/AgnS/AllJ/ChiD,1,MOCNESS-1,222,6000,1000,1415,1.415,Oblique,0-1000,1017.2,1488.6,,4,8,2014010109,2014100682,2014010023,6,300,200,300-200,0:28,199.7,58.1,214,430,11.23,35.491,-10,4,,,,,804.8,,Measurements from Wiebe et al 1985/Baker et al 1973/ MOCNESS Manual.,
201407,EXPORTS,2014,2,2021,JC214,Cook,5/1/21,6/1/21,Etc/UTC,SteD/MaaA/CopJ/ShaK/GosH,14,jc214-SE-20210511.2139.001,2,1,5/11/21,2021-05-11T21:39:00,2021-05-11T21:39:00,21:39:00,21:39:00,Night,49,1.33494,49.022249,15,1.23708,-15.020618,2021-05-12T01:09:00,2021-05-12T01:09:00,1:09:00,1:09:00,49,5.855,49.09758333,15,9.62,-15.16033333,210,-53.84942345,336,2.1,4674,26.3,270,,,1.5,12.22,35.541,SteD/MaaA/CopJ/ShaK/GosH/CorS/HarM/GreN/MacD/AgnS/AllJ/ChiD,1,MOCNESS-1,222,6000,1000,1415,1.415,Oblique,0-1000,1017.2,1488.6,,4,8,2014010109,2014100682,2014010023,7,200,150,200-150,0:38,149.6,59.8,143,278.2,11.478,35.524,-10,4,,,,,520.7,,Measurements from Wiebe et al 1985/Baker et al 1973/ MOCNESS Manual.,
201408,EXPORTS,2014,2,2021,JC214,Cook,5/1/21,6/1/21,Etc/UTC,SteD/MaaA/CopJ/ShaK/GosH,14,jc214-SE-20210511.2139.001,2,1,5/11/21,2021-05-11T21:39:00,2021-05-11T21:39:00,21:39:00,21:39:00,Night,49,1.33494,49.022249,15,1.23708,-15.020618,2021-05-12T01:09:00,2021-05-12T01:09:00,1:09:00,1:09:00,49,5.855,49.09758333,15,9.62,-15.16033333,210,-53.84942345,336,2.1,4674,26.3,270,,,1.5,12.22,35.541,SteD/MaaA/CopJ/ShaK/GosH/CorS/HarM/GreN/MacD/AgnS/AllJ/ChiD,1,MOCNESS-1,222,6000,1000,1415,1.415,Oblique,0-1000,1017.2,1488.6,,4,8,2014010109,2014100682,2014010023,8,150,100,150-100,0:50,99.4,50.2,178,390.5,11.921,35.543,-10,4,,,,,728.6,,Measurements from Wiebe et al 1985/Baker et al 1973/ MOCNESS Manual.,
201409,EXPORTS,2014,2,2021,JC214,Cook,5/1/21,6/1/21,Etc/UTC,SteD/MaaA/CopJ/ShaK/GosH,14,jc214-SE-20210511.2139.001,2,1,5/11/21,2021-05-11T21:39:00,2021-05-11T21:39:00,21:39:00,21:39:00,Night,49,1.33494,49.022249,15,1.23708,-15.020618,2021-05-12T01:09:00,2021-05-12T01:09:00,1:09:00,1:09:00,49,5.855,49.09758333,15,9.62,-15.16033333,210,-53.84942345,336,2.1,4674,26.3,270,,,1.5,12.22,35.541,SteD/MaaA/CopJ/ShaK/GosH/CorS/HarM/GreN/MacD/AgnS/AllJ/ChiD,1,MOCNESS-1,222,6000,1000,1415,1.415,Oblique,0-1000,1017.2,1488.6,,4,8,2014010109,2014100682,2014010023,9,100,50,100-50,0:57,51.4,64.4,97,177.5,12.22,35.537,-10,4,,,,,328.8,,Measurements from Wiebe et al 1985/Baker et al 1973/ MOCNESS Manual.,
201410,EXPORTS,2014,2,2021,JC214,Cook,5/1/21,6/1/21,Etc/UTC,SteD/MaaA/CopJ/ShaK/GosH,14,jc214-SE-20210511.2139.001,2,1,5/11/21,2021-05-11T21:39:00,2021-05-11T21:39:00,21:39:00,21:39:00,Night,49,1.33494,49.022249,15,1.23708,-15.020618,2021-05-12T01:09:00,2021-05-12T01:09:00,1:09:00,1:09:00,49,5.855,49.09758333,15,9.62,-15.16033333,210,-53.84942345,336,2.1,4674,26.3,270,,,1.5,12.22,35.541,SteD/MaaA/CopJ/ShaK/GosH/CorS/HarM/GreN/MacD/AgnS/AllJ/ChiD,1,MOCNESS-1,222,6000,1000,1415,1.415,Oblique,0-1000,1017.2,1488.6,,4,8,2014010109,2014100682,2014010023,10,50,0,50-0,1:09,,,191,403.8,,,-10,4,,,,,652.7,,Measurements from Wiebe et al 1985/Baker et al 1973/ MOCNESS Manual.,
201501,EXPORTS,2015,2,2021,JC214,Cook,5/1/21,6/1/21,Etc/UTC,SteD/MaaA/CopJ/ShaK/GosH,15,jc214-SE-20210512.1053.001,2,2,5/12/21,2021-05-12T10:52:00,2021-05-12T10:52:00,10:52:00,10:52:00,Day,49,10.053,49.16755,14,54.725,-14.91208333,2021-05-12T15:06:00,2021-05-12T15:06:00,15:06:00,15:06:00,49,15.965,49.26608333,15,6.612,-15.1102,254,22.54761685,311,2.3,,25,290,,90,2,12.24,35.534,SteD/MaaA/CopJ/GreN/MacD/AgnS/AllJ/ChiD/PowT,1,MOCNESS-1,222,6000,1000,1415,1.415,Oblique,0-1000,1005,2135,,5,8,2015010102,2015100536,2015010028,1,0,1000,0-1000,12:10,997.2,47.3,922,1988.4,8.796,35.447,10/20/30/40/30/20/10,,,,,,3650.1,,Measurements from Wiebe et al 1985/Baker et al 1973/ MOCNESS Manual.,
201502,EXPORTS,2015,2,2021,JC214,Cook,5/1/21,6/1/21,Etc/UTC,SteD/MaaA/CopJ/ShaK/GosH,15,jc214-SE-20210512.1053.001,2,2,5/12/21,2021-05-12T10:52:00,2021-05-12T10:52:00,10:52:00,10:52:00,Day,49,10.053,49.16755,14,54.725,-14.91208333,2021-05-12T15:06:00,2021-05-12T15:06:00,15:06:00,15:06:00,49,15.965,49.26608333,15,6.612,-15.1102,254,22.54761685,311,2.3,,25,290,,90,2,12.24,35.534,SteD/MaaA/CopJ/GreN/MacD/AgnS/AllJ/ChiD/PowT,1,MOCNESS-1,222,6000,1000,1415,1.415,Oblique,0-1000,1005,2135,,5,8,2015010102,2015100536,2015010028,2,1000,750,1000-750,12:48,748,61.9,562,1065.1,10.182,35.286,0.002222222,4,,,,,1987,,Measurements from Wiebe et al 1985/Baker et al 1973/ MOCNESS Manual.,RSP did not register after tripping net.  Hit MANUAL CONFIRM.  At ~950m hit Single Step Motor and RSP lit up.  Net probably fished 950 - 750m.  Lanyard was extremely frayed.
201503,EXPORTS,2015,2,2021,JC214,Cook,5/1/21,6/1/21,Etc/UTC,SteD/MaaA/CopJ/ShaK/GosH,15,jc214-SE-20210512.1053.001,2,2,5/12/21,2021-05-12T10:52:00,2021-05-12T10:52:00,10:52:00,10:52:00,Day,49,10.053,49.16755,14,54.725,-14.91208333,2021-05-12T15:06:00,2021-05-12T15:06:00,15:06:00,15:06:00,49,15.965,49.26608333,15,6.612,-15.1102,254,22.54761685,311,2.3,,25,290,,90,2,12.24,35.534,SteD/MaaA/CopJ/GreN/MacD/AgnS/AllJ/ChiD/PowT,1,MOCNESS-1,222,6000,1000,1415,1.415,Oblique,0-1000,1005,2135,,5,8,2015010102,2015100536,2015010028,3,750,500,750-500,13:17,498.2,60,453,801.3,10.865,35.453,-10,4,,,,,1494.3,,Measurements from Wiebe et al 1985/Baker et al 1973/ MOCNESS Manual.,
201504,EXPORTS,2015,2,2021,JC214,Cook,5/1/21,6/1/21,Etc/UTC,SteD/MaaA/CopJ/ShaK/GosH,15,jc214-SE-20210512.1053.001,2,2,5/12/21,2021-05-12T10:52:00,2021-05-12T10:52:00,10:52:00,10:52:00,Day,49,10.053,49.16755,14,54.725,-14.91208333,2021-05-12T15:06:00,2021-05-12T15:06:00,15:06:00,15:06:00,49,15.965,49.26608333,15,6.612,-15.1102,254,22.54761685,311,2.3,,25,290,,90,2,12.24,35.534,SteD/MaaA/CopJ/GreN/MacD/AgnS/AllJ/ChiD/PowT,1,MOCNESS-1,222,6000,1000,1415,1.415,Oblique,0-1000,1005,2135,,5,8,2015010102,2015100536,2015010028,4,500,400,500-400,13:39,394.9,56.4,328,587.7,10.94,35.46,-10,4,,,,,1107.9,,Measurements from Wiebe et al 1985/Baker et al 1973/ MOCNESS Manual.,RSP did not register after tripping net.  Hit Single Step Motor but no RSP.  Hit MANUAL CONFIRM.  Metal ball on end of lanyard was broken.
201505,EXPORTS,2015,2,2021,JC214,Cook,5/1/21,6/1/21,Etc/UTC,SteD/MaaA/CopJ/ShaK/GosH,15,jc214-SE-20210512.1053.001,2,2,5/12/21,2021-05-12T10:52:00,2021-05-12T10:52:00,10:52:00,10:52:00,Day,49,10.053,49.16755,14,54.725,-14.91208333,2021-05-12T15:06:00,2021-05-12T15:06:00,15:06:00,15:06:00,49,15.965,49.26608333,15,6.612,-15.1102,254,22.54761685,311,2.3,,25,290,,90,2,12.24,35.534,SteD/MaaA/CopJ/GreN/MacD/AgnS/AllJ/ChiD/PowT,1,MOCNESS-1,222,6000,1000,1415,1.415,Oblique,0-1000,1005,2135,,5,8,2015010102,2015100536,2015010028,5,400,300,400-300,14:03,299.7,59.1,364,655.1,11.048,35.468,-10,4,,,,,1229.2,,Measurements from Wiebe et al 1985/Baker et al 1973/ MOCNESS Manual.,
201506,EXPORTS,2015,2,2021,JC214,Cook,5/1/21,6/1/21,Etc/UTC,SteD/MaaA/CopJ/ShaK/GosH,15,jc214-SE-20210512.1053.001,2,2,5/12/21,2021-05-12T10:52:00,2021-05-12T10:52:00,10:52:00,10:52:00,Day,49,10.053,49.16755,14,54.725,-14.91208333,2021-05-12T15:06:00,2021-05-12T15:06:00,15:06:00,15:06:00,49,15.965,49.26608333,15,6.612,-15.1102,254,22.54761685,311,2.3,,25,290,,90,2,12.24,35.534,SteD/MaaA/CopJ/GreN/MacD/AgnS/AllJ/ChiD/PowT,1,MOCNESS-1,222,6000,1000,1415,1.415,Oblique,0-1000,1005,2135,,5,8,2015010102,2015100536,2015010028,6,300,200,300-200,14:24,199.3,58,320,614.6,11.373,35.508,-10,4,,,,,1151.1,,Measurements from Wiebe et al 1985/Baker et al 1973/ MOCNESS Manual.,
201507,EXPORTS,2015,2,2021,JC214,Cook,5/1/21,6/1/21,Etc/UTC,SteD/MaaA/CopJ/ShaK/GosH,15,jc214-SE-20210512.1053.001,2,2,5/12/21,2021-05-12T10:52:00,2021-05-12T10:52:00,10:52:00,10:52:00,Day,49,10.053,49.16755,14,54.725,-14.91208333,2021-05-12T15:06:00,2021-05-12T15:06:00,15:06:00,15:06:00,49,15.965,49.26608333,15,6.612,-15.1102,254,22.54761685,311,2.3,,25,290,,90,2,12.24,35.534,SteD/MaaA/CopJ/GreN/MacD/AgnS/AllJ/ChiD/PowT,1,MOCNESS-1,222,6000,1000,1415,1.415,Oblique,0-1000,1005,2135,,5,8,2015010102,2015100536,2015010028,7,200,150,200-150,14:34,150.8,58.2,150,273.4,11.7,35.556,-10,4,,,,,511.4,,Measurements from Wiebe et al 1985/Baker et al 1973/ MOCNESS Manual.,
201508,EXPORTS,2015,2,2021,JC214,Cook,5/1/21,6/1/21,Etc/UTC,SteD/MaaA/CopJ/ShaK/GosH,15,jc214-SE-20210512.1053.001,2,2,5/12/21,2021-05-12T10:52:00,2021-05-12T10:52:00,10:52:00,10:52:00,Day,49,10.053,49.16755,14,54.725,-14.91208333,2021-05-12T15:06:00,2021-05-12T15:06:00,15:06:00,15:06:00,49,15.965,49.26608333,15,6.612,-15.1102,254,22.54761685,311,2.3,,25,290,,90,2,12.24,35.534,SteD/MaaA/CopJ/GreN/MacD/AgnS/AllJ/ChiD/PowT,1,MOCNESS-1,222,6000,1000,1415,1.415,Oblique,0-1000,1005,2135,,5,8,2015010102,2015100536,2015010028,8,150,100,150-100,14:44,100.8,65,145,257.4,12.101,35.525,-10,4,,,,,484.9,,Measurements from Wiebe et al 1985/Baker et al 1973/ MOCNESS Manual.,
201509,EXPORTS,2015,2,2021,JC214,Cook,5/1/21,6/1/21,Etc/UTC,SteD/MaaA/CopJ/ShaK/GosH,15,jc214-SE-20210512.1053.001,2,2,5/12/21,2021-05-12T10:52:00,2021-05-12T10:52:00,10:52:00,10:52:00,Day,49,10.053,49.16755,14,54.725,-14.91208333,2021-05-12T15:06:00,2021-05-12T15:06:00,15:06:00,15:06:00,49,15.965,49.26608333,15,6.612,-15.1102,254,22.54761685,311,2.3,,25,290,,90,2,12.24,35.534,SteD/MaaA/CopJ/GreN/MacD/AgnS/AllJ/ChiD/PowT,1,MOCNESS-1,222,6000,1000,1415,1.415,Oblique,0-1000,1005,2135,,5,8,2015010102,2015100536,2015010028,9,100,50,100-50,14:55,50.2,55.5,185,372.2,12.263,35.533,-10,4,,,,,682.4,,Measurements from Wiebe et al 1985/Baker et al 1973/ MOCNESS Manual.,
201510,EXPORTS,2015,2,2021,JC214,Cook,5/1/21,6/1/21,Etc/UTC,SteD/MaaA/CopJ/ShaK/GosH,15,jc214-SE-20210512.1053.001,2,2,5/12/21,2021-05-12T10:52:00,2021-05-12T10:52:00,10:52:00,10:52:00,Day,49,10.053,49.16755,14,54.725,-14.91208333,2021-05-12T15:06:00,2021-05-12T15:06:00,15:06:00,15:06:00,49,15.965,49.26608333,15,6.612,-15.1102,254,22.54761685,311,2.3,,25,290,,90,2,12.24,35.534,SteD/MaaA/CopJ/GreN/MacD/AgnS/AllJ/ChiD/PowT,1,MOCNESS-1,222,6000,1000,1415,1.415,Oblique,0-1000,1005,2135,,5,8,2015010102,2015100536,2015010028,10,50,0,50-0,15:06,,,148,316.1,,,-10,4,,,,,518.3,,Measurements from Wiebe et al 1985/Baker et al 1973/ MOCNESS Manual.,
204701,EXPORTS,2047,2,2021,JC214,Cook,5/1/21,6/1/21,Etc/UTC,SteD/MaaA/CopJ/ShaK/GosH,47,jc214-SE-20210517.1014.001,2,7,5/17/21,2021-05-17T10:07:00,2021-05-17T10:07:00,10:07:00,10:07:00,Day,48,56.149,48.93581667,14,49.821,-14.83035,2021-05-17T14:09:00,2021-05-17T14:09:00,14:09:00,14:09:00,48,53.604,48.8934,15,2.906,-15.04843333,242,20.84656268,269,2.2,4666.8,13.9,225,,40,1,12.54,35.542,SteD/CopJ/ShaK/GosH/GreN/ForI/AllJ,1,MOCNESS-1,222,6000,1000,1415,1.415,Oblique,0-1000,1020.2,2007.1,,6,9,2047010058,2047100577,2047010053,1,0,1000,0-1000,11:19,997.7,45,853,1991.9,9.023,35.453,10/20 @ 75m/30 @ 183m/40 @ 250m/30 @ 970m/20/10/0/-10,,,,,,3700,,Measurements from Wiebe et al 1985/Baker et al 1973/ MOCNESS Manual.,
204702,EXPORTS,2047,2,2021,JC214,Cook,5/1/21,6/1/21,Etc/UTC,SteD/MaaA/CopJ/ShaK/GosH,47,jc214-SE-20210517.1014.001,2,7,5/17/21,2021-05-17T10:07:00,2021-05-17T10:07:00,10:07:00,10:07:00,Day,48,56.149,48.93581667,14,49.821,-14.83035,2021-05-17T14:09:00,2021-05-17T14:09:00,14:09:00,14:09:00,48,53.604,48.8934,15,2.906,-15.04843333,242,20.84656268,269,2.2,4666.8,13.9,225,,40,1,12.54,35.542,SteD/CopJ/ShaK/GosH/GreN/ForI/AllJ,1,MOCNESS-1,222,6000,1000,1415,1.415,Oblique,0-1000,1020.2,2007.1,,6,9,2047010058,2047100577,2047010053,2,1000,750,1000-750,11:49,748.6,63.1,446,794,10.447,35.426,#DIV/0!,2,,,,,1488.1,,Measurements from Wiebe et al 1985/Baker et al 1973/ MOCNESS Manual.,
204703,EXPORTS,2047,2,2021,JC214,Cook,5/1/21,6/1/21,Etc/UTC,SteD/MaaA/CopJ/ShaK/GosH,47,jc214-SE-20210517.1014.001,2,7,5/17/21,2021-05-17T10:07:00,2021-05-17T10:07:00,10:07:00,10:07:00,Day,48,56.149,48.93581667,14,49.821,-14.83035,2021-05-17T14:09:00,2021-05-17T14:09:00,14:09:00,14:09:00,48,53.604,48.8934,15,2.906,-15.04843333,242,20.84656268,269,2.2,4666.8,13.9,225,,40,1,12.54,35.542,SteD/CopJ/ShaK/GosH/GreN/ForI/AllJ,1,MOCNESS-1,222,6000,1000,1415,1.415,Oblique,0-1000,1020.2,2007.1,,6,9,2047010058,2047100577,2047010053,3,750,500,750-500,12:22,500.6,63.6,533,905.1,10.861,35.46,-15,2,,,,,1710.7,,Measurements from Wiebe et al 1985/Baker et al 1973/ MOCNESS Manual.,
204704,EXPORTS,2047,2,2021,JC214,Cook,5/1/21,6/1/21,Etc/UTC,SteD/MaaA/CopJ/ShaK/GosH,47,jc214-SE-20210517.1014.001,2,7,5/17/21,2021-05-17T10:07:00,2021-05-17T10:07:00,10:07:00,10:07:00,Day,48,56.149,48.93581667,14,49.821,-14.83035,2021-05-17T14:09:00,2021-05-17T14:09:00,14:09:00,14:09:00,48,53.604,48.8934,15,2.906,-15.04843333,242,20.84656268,269,2.2,4666.8,13.9,225,,40,1,12.54,35.542,SteD/CopJ/ShaK/GosH/GreN/ForI/AllJ,1,MOCNESS-1,222,6000,1000,1415,1.415,Oblique,0-1000,1020.2,2007.1,,6,9,2047010058,2047100577,2047010053,4,500,400,500-400,12:45,399.4,62.3,350,646.4,10.885,35.458,1.5,2,,,,,1207,,Measurements from Wiebe et al 1985/Baker et al 1973/ MOCNESS Manual.,
204705,EXPORTS,2047,2,2021,JC214,Cook,5/1/21,6/1/21,Etc/UTC,SteD/MaaA/CopJ/ShaK/GosH,47,jc214-SE-20210517.1014.001,2,7,5/17/21,2021-05-17T10:07:00,2021-05-17T10:07:00,10:07:00,10:07:00,Day,48,56.149,48.93581667,14,49.821,-14.83035,2021-05-17T14:09:00,2021-05-17T14:09:00,14:09:00,14:09:00,48,53.604,48.8934,15,2.906,-15.04843333,242,20.84656268,269,2.2,4666.8,13.9,225,,40,1,12.54,35.542,SteD/CopJ/ShaK/GosH/GreN/ForI/AllJ,1,MOCNESS-1,222,6000,1000,1415,1.415,Oblique,0-1000,1020.2,2007.1,,6,9,2047010058,2047100577,2047010053,5,400,300,400-300,13:04,299.7,60,295,532.9,10.963,35.462,-10,2,,,,,997.1,,Measurements from Wiebe et al 1985/Baker et al 1973/ MOCNESS Manual.,
204706,EXPORTS,2047,2,2021,JC214,Cook,5/1/21,6/1/21,Etc/UTC,SteD/MaaA/CopJ/ShaK/GosH,47,jc214-SE-20210517.1014.001,2,7,5/17/21,2021-05-17T10:07:00,2021-05-17T10:07:00,10:07:00,10:07:00,Day,48,56.149,48.93581667,14,49.821,-14.83035,2021-05-17T14:09:00,2021-05-17T14:09:00,14:09:00,14:09:00,48,53.604,48.8934,15,2.906,-15.04843333,242,20.84656268,269,2.2,4666.8,13.9,225,,40,1,12.54,35.542,SteD/CopJ/ShaK/GosH/GreN/ForI/AllJ,1,MOCNESS-1,222,6000,1000,1415,1.415,Oblique,0-1000,1020.2,2007.1,,6,9,2047010058,2047100577,2047010053,6,300,200,300-200,13:31,199.1,55,391,762,11.205,35.491,-10,2,,,,,1426.9,,Measurements from Wiebe et al 1985/Baker et al 1973/ MOCNESS Manual.,
204707,EXPORTS,2047,2,2021,JC214,Cook,5/1/21,6/1/21,Etc/UTC,SteD/MaaA/CopJ/ShaK/GosH,47,jc214-SE-20210517.1014.001,2,7,5/17/21,2021-05-17T10:07:00,2021-05-17T10:07:00,10:07:00,10:07:00,Day,48,56.149,48.93581667,14,49.821,-14.83035,2021-05-17T14:09:00,2021-05-17T14:09:00,14:09:00,14:09:00,48,53.604,48.8934,15,2.906,-15.04843333,242,20.84656268,269,2.2,4666.8,13.9,225,,40,1,12.54,35.542,SteD/CopJ/ShaK/GosH/GreN/ForI/AllJ,1,MOCNESS-1,222,6000,1000,1415,1.415,Oblique,0-1000,1020.2,2007.1,,6,9,2047010058,2047100577,2047010053,7,200,150,200-150,13:40,149.6,56.7,122,235.6,11.398,35.514,-10,2,,,,,440.8,,Measurements from Wiebe et al 1985/Baker et al 1973/ MOCNESS Manual.,
204708,EXPORTS,2047,2,2021,JC214,Cook,5/1/21,6/1/21,Etc/UTC,SteD/MaaA/CopJ/ShaK/GosH,47,jc214-SE-20210517.1014.001,2,7,5/17/21,2021-05-17T10:07:00,2021-05-17T10:07:00,10:07:00,10:07:00,Day,48,56.149,48.93581667,14,49.821,-14.83035,2021-05-17T14:09:00,2021-05-17T14:09:00,14:09:00,14:09:00,48,53.604,48.8934,15,2.906,-15.04843333,242,20.84656268,269,2.2,4666.8,13.9,225,,40,1,12.54,35.542,SteD/CopJ/ShaK/GosH/GreN/ForI/AllJ,1,MOCNESS-1,222,6000,1000,1415,1.415,Oblique,0-1000,1020.2,2007.1,,6,9,2047010058,2047100577,2047010053,8,150,100,150-100,13:48,99.2,61.7,121,234.1,12.065,35.546,-10,2,,,,,439.8,,Measurements from Wiebe et al 1985/Baker et al 1973/ MOCNESS Manual.,
204709,EXPORTS,2047,2,2021,JC214,Cook,5/1/21,6/1/21,Etc/UTC,SteD/MaaA/CopJ/ShaK/GosH,47,jc214-SE-20210517.1014.001,2,7,5/17/21,2021-05-17T10:07:00,2021-05-17T10:07:00,10:07:00,10:07:00,Day,48,56.149,48.93581667,14,49.821,-14.83035,2021-05-17T14:09:00,2021-05-17T14:09:00,14:09:00,14:09:00,48,53.604,48.8934,15,2.906,-15.04843333,242,20.84656268,269,2.2,4666.8,13.9,225,,40,1,12.54,35.542,SteD/CopJ/ShaK/GosH/GreN/ForI/AllJ,1,MOCNESS-1,222,6000,1000,1415,1.415,Oblique,0-1000,1020.2,2007.1,,6,9,2047010058,2047100577,2047010053,9,100,50,100-50,13:58,49.9,60,141,265.3,12.367,35.544,-10,4,,,,,495.8,,Measurements from Wiebe et al 1985/Baker et al 1973/ MOCNESS Manual.,
204710,EXPORTS,2047,2,2021,JC214,Cook,5/1/21,6/1/21,Etc/UTC,SteD/MaaA/CopJ/ShaK/GosH,47,jc214-SE-20210517.1014.001,2,7,5/17/21,2021-05-17T10:07:00,2021-05-17T10:07:00,10:07:00,10:07:00,Day,48,56.149,48.93581667,14,49.821,-14.83035,2021-05-17T14:09:00,2021-05-17T14:09:00,14:09:00,14:09:00,48,53.604,48.8934,15,2.906,-15.04843333,242,20.84656268,269,2.2,4666.8,13.9,225,,40,1,12.54,35.542,SteD/CopJ/ShaK/GosH/GreN/ForI/AllJ,1,MOCNESS-1,222,6000,1000,1415,1.415,Oblique,0-1000,1020.2,2007.1,,6,9,2047010058,2047100577,2047010053,10,50,0,50-0,14:09,,,167,430.4,,,,2,,,,,477.6,,Measurements from Wiebe et al 1985/Baker et al 1973/ MOCNESS Manual.,
204801,EXPORTS,2048,2,2021,JC214,Cook,5/1/21,6/1/21,Etc/UTC,SteD/MaaA/CopJ/ShaK/GosH,48,jc214-SE-20210517.2231.001,2,7,5/17/21,2021-05-17T22:25:00,2021-05-17T22:25:00,22:25:00,22:25:00,Night,48,56.371,48.93951667,14,50.415,-14.84025,2021-05-18T02:18:00,2021-05-18T02:18:00,2:18:00,2:18:00,48,59.551,48.99251667,15,2.75,-15.04583333,233,-59.76998398,290,,4666.6,11.3,190,,,,12.6,35.551,SteD/MaaA/CopJ/ShaK/GosH/GreN/MacD/AgnS/AllJ/ChiD,1,MOCNESS-1,222,6000,1000,1415,1.415,Oblique,0-1000,1009.5,1786.1,jc214-SE-20210518.0412.001,7,9,2048010072,2048100517,2048010031,1,0,1000,0-1000,23:33,999.1,44.3,747,1823.9,8.883,35.448,10/20 @ 75m/30 @ 170m/40 @ 295m/30 @ 950m/20/10/0,,,,,,3397,,Measurements from Wiebe et al 1985/Baker et al 1973/ MOCNESS Manual.,
204802,EXPORTS,2048,2,2021,JC214,Cook,5/1/21,6/1/21,Etc/UTC,SteD/MaaA/CopJ/ShaK/GosH,48,jc214-SE-20210517.2231.001,2,7,5/17/21,2021-05-17T22:25:00,2021-05-17T22:25:00,22:25:00,22:25:00,Night,48,56.371,48.93951667,14,50.415,-14.84025,2021-05-18T02:18:00,2021-05-18T02:18:00,2:18:00,2:18:00,48,59.551,48.99251667,15,2.75,-15.04583333,233,-59.76998398,290,,4666.6,11.3,190,,,,12.6,35.551,SteD/MaaA/CopJ/ShaK/GosH/GreN/MacD/AgnS/AllJ/ChiD,1,MOCNESS-1,222,6000,1000,1415,1.415,Oblique,0-1000,1009.5,1786.1,jc214-SE-20210518.0412.001,7,9,2048010072,2048100517,2048010031,2,1000,750,1000-750,0:01,748.3,55.8,362,757.2,10.476,35.428,0/-10/-15,2,,,,,1408.1,,Measurements from Wiebe et al 1985/Baker et al 1973/ MOCNESS Manual.,
204803,EXPORTS,2048,2,2021,JC214,Cook,5/1/21,6/1/21,Etc/UTC,SteD/MaaA/CopJ/ShaK/GosH,48,jc214-SE-20210517.2231.001,2,7,5/17/21,2021-05-17T22:25:00,2021-05-17T22:25:00,22:25:00,22:25:00,Night,48,56.371,48.93951667,14,50.415,-14.84025,2021-05-18T02:18:00,2021-05-18T02:18:00,2:18:00,2:18:00,48,59.551,48.99251667,15,2.75,-15.04583333,233,-59.76998398,290,,4666.6,11.3,190,,,,12.6,35.551,SteD/MaaA/CopJ/ShaK/GosH/GreN/MacD/AgnS/AllJ/ChiD,1,MOCNESS-1,222,6000,1000,1415,1.415,Oblique,0-1000,1009.5,1786.1,jc214-SE-20210518.0412.001,7,9,2048010072,2048100517,2048010031,3,750,500,750-500,0:30,499,60.7,414,752.9,10.863,35.592,-0.1,2,,,,,1411.4,,Measurements from Wiebe et al 1985/Baker et al 1973/ MOCNESS Manual.,
204804,EXPORTS,2048,2,2021,JC214,Cook,5/1/21,6/1/21,Etc/UTC,SteD/MaaA/CopJ/ShaK/GosH,48,jc214-SE-20210517.2231.001,2,7,5/17/21,2021-05-17T22:25:00,2021-05-17T22:25:00,22:25:00,22:25:00,Night,48,56.371,48.93951667,14,50.415,-14.84025,2021-05-18T02:18:00,2021-05-18T02:18:00,2:18:00,2:18:00,48,59.551,48.99251667,15,2.75,-15.04583333,233,-59.76998398,290,,4666.6,11.3,190,,,,12.6,35.551,SteD/MaaA/CopJ/ShaK/GosH/GreN/MacD/AgnS/AllJ/ChiD,1,MOCNESS-1,222,6000,1000,1415,1.415,Oblique,0-1000,1009.5,1786.1,jc214-SE-20210518.0412.001,7,9,2048010072,2048100517,2048010031,4,500,400,500-400,0:57,399.5,54.9,373,725.3,10.912,35.461,-10,2,,,,,1368,,Measurements from Wiebe et al 1985/Baker et al 1973/ MOCNESS Manual.,
204805,EXPORTS,2048,2,2021,JC214,Cook,5/1/21,6/1/21,Etc/UTC,SteD/MaaA/CopJ/ShaK/GosH,48,jc214-SE-20210517.2231.001,2,7,5/17/21,2021-05-17T22:25:00,2021-05-17T22:25:00,22:25:00,22:25:00,Night,48,56.371,48.93951667,14,50.415,-14.84025,2021-05-18T02:18:00,2021-05-18T02:18:00,2:18:00,2:18:00,48,59.551,48.99251667,15,2.75,-15.04583333,233,-59.76998398,290,,4666.6,11.3,190,,,,12.6,35.551,SteD/MaaA/CopJ/ShaK/GosH/GreN/MacD/AgnS/AllJ/ChiD,1,MOCNESS-1,222,6000,1000,1415,1.415,Oblique,0-1000,1009.5,1786.1,jc214-SE-20210518.0412.001,7,9,2048010072,2048100517,2048010031,5,400,300,400-300,1:15,299.5,57.2,250,471.3,10.975,35.462,-10,2,,,,,885,,Measurements from Wiebe et al 1985/Baker et al 1973/ MOCNESS Manual.,
204806,EXPORTS,2048,2,2021,JC214,Cook,5/1/21,6/1/21,Etc/UTC,SteD/MaaA/CopJ/ShaK/GosH,48,jc214-SE-20210517.2231.001,2,7,5/17/21,2021-05-17T22:25:00,2021-05-17T22:25:00,22:25:00,22:25:00,Night,48,56.371,48.93951667,14,50.415,-14.84025,2021-05-18T02:18:00,2021-05-18T02:18:00,2:18:00,2:18:00,48,59.551,48.99251667,15,2.75,-15.04583333,233,-59.76998398,290,,4666.6,11.3,190,,,,12.6,35.551,SteD/MaaA/CopJ/ShaK/GosH/GreN/MacD/AgnS/AllJ/ChiD,1,MOCNESS-1,222,6000,1000,1415,1.415,Oblique,0-1000,1009.5,1786.1,jc214-SE-20210518.0412.001,7,9,2048010072,2048100517,2048010031,6,300,200,300-200,1:34,200.2,58.5,266,509.7,11.175,35.485,-10,2,,,,,953,,Measurements from Wiebe et al 1985/Baker et al 1973/ MOCNESS Manual.,
204807,EXPORTS,2048,2,2021,JC214,Cook,5/1/21,6/1/21,Etc/UTC,SteD/MaaA/CopJ/ShaK/GosH,48,jc214-SE-20210517.2231.001,2,7,5/17/21,2021-05-17T22:25:00,2021-05-17T22:25:00,22:25:00,22:25:00,Night,48,56.371,48.93951667,14,50.415,-14.84025,2021-05-18T02:18:00,2021-05-18T02:18:00,2:18:00,2:18:00,48,59.551,48.99251667,15,2.75,-15.04583333,233,-59.76998398,290,,4666.6,11.3,190,,,,12.6,35.551,SteD/MaaA/CopJ/ShaK/GosH/GreN/MacD/AgnS/AllJ/ChiD,1,MOCNESS-1,222,6000,1000,1415,1.415,Oblique,0-1000,1009.5,1786.1,jc214-SE-20210518.0412.001,7,9,2048010072,2048100517,2048010031,7,200,150,200-150,1:43,150.4,61.8,129,233,11.331,35.504,-10,2,,,,,435.7,,Measurements from Wiebe et al 1985/Baker et al 1973/ MOCNESS Manual.,
204808,EXPORTS,2048,2,2021,JC214,Cook,5/1/21,6/1/21,Etc/UTC,SteD/MaaA/CopJ/ShaK/GosH,48,jc214-SE-20210517.2231.001,2,7,5/17/21,2021-05-17T22:25:00,2021-05-17T22:25:00,22:25:00,22:25:00,Night,48,56.371,48.93951667,14,50.415,-14.84025,2021-05-18T02:18:00,2021-05-18T02:18:00,2:18:00,2:18:00,48,59.551,48.99251667,15,2.75,-15.04583333,233,-59.76998398,290,,4666.6,11.3,190,,,,12.6,35.551,SteD/MaaA/CopJ/ShaK/GosH/GreN/MacD/AgnS/AllJ/ChiD,1,MOCNESS-1,222,6000,1000,1415,1.415,Oblique,0-1000,1009.5,1786.1,jc214-SE-20210518.0412.001,7,9,2048010072,2048100517,2048010031,8,150,100,150-100,1:57,100.4,55.1,192,383.9,11.912,35.561,-10,2,,,,,720.2,,Measurements from Wiebe et al 1985/Baker et al 1973/ MOCNESS Manual.,
204809,EXPORTS,2048,2,2021,JC214,Cook,5/1/21,6/1/21,Etc/UTC,SteD/MaaA/CopJ/ShaK/GosH,48,jc214-SE-20210517.2231.001,2,7,5/17/21,2021-05-17T22:25:00,2021-05-17T22:25:00,22:25:00,22:25:00,Night,48,56.371,48.93951667,14,50.415,-14.84025,2021-05-18T02:18:00,2021-05-18T02:18:00,2:18:00,2:18:00,48,59.551,48.99251667,15,2.75,-15.04583333,233,-59.76998398,290,,4666.6,11.3,190,,,,12.6,35.551,SteD/MaaA/CopJ/ShaK/GosH/GreN/MacD/AgnS/AllJ/ChiD,1,MOCNESS-1,222,6000,1000,1415,1.415,Oblique,0-1000,1009.5,1786.1,jc214-SE-20210518.0412.001,7,9,2048010072,2048100517,2048010031,9,100,50,100-50,2:08,49.8,58.4,156,327,12.508,35.561,-10,2,,,,,613.8,,Measurements from Wiebe et al 1985/Baker et al 1973/ MOCNESS Manual.,
204810,EXPORTS,2048,2,2021,JC214,Cook,5/1/21,6/1/21,Etc/UTC,SteD/MaaA/CopJ/ShaK/GosH,48,jc214-SE-20210517.2231.001,2,7,5/17/21,2021-05-17T22:25:00,2021-05-17T22:25:00,22:25:00,22:25:00,Night,48,56.371,48.93951667,14,50.415,-14.84025,2021-05-18T02:18:00,2021-05-18T02:18:00,2:18:00,2:18:00,48,59.551,48.99251667,15,2.75,-15.04583333,233,-59.76998398,290,,4666.6,11.3,190,,,,12.6,35.551,SteD/MaaA/CopJ/ShaK/GosH/GreN/MacD/AgnS/AllJ/ChiD,1,MOCNESS-1,222,6000,1000,1415,1.415,Oblique,0-1000,1009.5,1786.1,jc214-SE-20210518.0412.001,7,9,2048010072,2048100517,2048010031,10,50,0,50-0,2:18,,,128,336.5,,,-10,2,,,,,443.4,,Measurements from Wiebe et al 1985/Baker et al 1973/ MOCNESS Manual.,
206201,EXPORTS,2062,2,2021,JC214,Cook,5/1/21,6/1/21,Etc/UTC,SteD/MaaA/CopJ/ShaK/GosH,62,jc214-SE-20210521.2109.001,3,1,5/21/21,2021-05-21T21:05:00,2021-05-21T21:05:00,21:05:00,21:05:00,Night,48,55.401,48.92335,14,46.958,-14.78263333,2021-05-22T00:37:00,2021-05-22T00:37:00,0:37:00,0:37:00,49,2.806,49.04676667,14,51.118,-14.85196667,212,-52.06470205,339,2.2,4662.1,18,340,,80,1.5,12.5,35.539,SteD/MaaA/CopJ/ShaK/GosH/HarM/MacD/AllJ/CorS/ChiD,1,MOCNESS-1,222,6000,1000,1415,1.415,Oblique,0-1000,1012.7,1592.5,jc214-SE-20210522.0316.001,8,,2062010079,2062100426,2062010045,1,0,1000,0-1000,22:06,999.1,49,609,1509.5,8.977,35.446,10/20/30/40/30/20/10/0/-10,,,,,,2789.2,,Measurements from Wiebe et al 1985/Baker et al 1973/ MOCNESS Manual.,Switched over to winch control at 100m wire out.
206202,EXPORTS,2062,2,2021,JC214,Cook,5/1/21,6/1/21,Etc/UTC,SteD/MaaA/CopJ/ShaK/GosH,62,jc214-SE-20210521.2109.001,3,1,5/21/21,2021-05-21T21:05:00,2021-05-21T21:05:00,21:05:00,21:05:00,Night,48,55.401,48.92335,14,46.958,-14.78263333,2021-05-22T00:37:00,2021-05-22T00:37:00,0:37:00,0:37:00,49,2.806,49.04676667,14,51.118,-14.85196667,212,-52.06470205,339,2.2,4662.1,18,340,,80,1.5,12.5,35.539,SteD/MaaA/CopJ/ShaK/GosH/HarM/MacD/AllJ/CorS/ChiD,1,MOCNESS-1,222,6000,1000,1415,1.415,Oblique,0-1000,1012.7,1592.5,jc214-SE-20210522.0316.001,8,,2062010079,2062100426,2062010045,2,1000,750,1000-750,22:35,736.1,49.6,362,802.6,10.568,35.435,-10,,,,,,1502.1,,Measurements from Wiebe et al 1985/Baker et al 1973/ MOCNESS Manual.,Net shot up when I was not paying attention.
206203,EXPORTS,2062,2,2021,JC214,Cook,5/1/21,6/1/21,Etc/UTC,SteD/MaaA/CopJ/ShaK/GosH,62,jc214-SE-20210521.2109.001,3,1,5/21/21,2021-05-21T21:05:00,2021-05-21T21:05:00,21:05:00,21:05:00,Night,48,55.401,48.92335,14,46.958,-14.78263333,2021-05-22T00:37:00,2021-05-22T00:37:00,0:37:00,0:37:00,49,2.806,49.04676667,14,51.118,-14.85196667,212,-52.06470205,339,2.2,4662.1,18,340,,80,1.5,12.5,35.539,SteD/MaaA/CopJ/ShaK/GosH/HarM/MacD/AllJ/CorS/ChiD,1,MOCNESS-1,222,6000,1000,1415,1.415,Oblique,0-1000,1012.7,1592.5,jc214-SE-20210522.0316.001,8,,2062010079,2062100426,2062010045,3,750,500,750-500,23:05,500.8,58.7,376,743,10.857,35.46,-10,,,,,,1390.4,,Measurements from Wiebe et al 1985/Baker et al 1973/ MOCNESS Manual.,
206204,EXPORTS,2062,2,2021,JC214,Cook,5/1/21,6/1/21,Etc/UTC,SteD/MaaA/CopJ/ShaK/GosH,62,jc214-SE-20210521.2109.001,3,1,5/21/21,2021-05-21T21:05:00,2021-05-21T21:05:00,21:05:00,21:05:00,Night,48,55.401,48.92335,14,46.958,-14.78263333,2021-05-22T00:37:00,2021-05-22T00:37:00,0:37:00,0:37:00,49,2.806,49.04676667,14,51.118,-14.85196667,212,-52.06470205,339,2.2,4662.1,18,340,,80,1.5,12.5,35.539,SteD/MaaA/CopJ/ShaK/GosH/HarM/MacD/AllJ/CorS/ChiD,1,MOCNESS-1,222,6000,1000,1415,1.415,Oblique,0-1000,1012.7,1592.5,jc214-SE-20210522.0316.001,8,,2062010079,2062100426,2062010045,4,500,400,500-400,23:30,398.8,52.9,345,738.2,10.889,35.461,-0.066666667,,,,,,1381.5,,Measurements from Wiebe et al 1985/Baker et al 1973/ MOCNESS Manual.,Dip in profile.  Ship too slow?
206205,EXPORTS,2062,2,2021,JC214,Cook,5/1/21,6/1/21,Etc/UTC,SteD/MaaA/CopJ/ShaK/GosH,62,jc214-SE-20210521.2109.001,3,1,5/21/21,2021-05-21T21:05:00,2021-05-21T21:05:00,21:05:00,21:05:00,Night,48,55.401,48.92335,14,46.958,-14.78263333,2021-05-22T00:37:00,2021-05-22T00:37:00,0:37:00,0:37:00,49,2.806,49.04676667,14,51.118,-14.85196667,212,-52.06470205,339,2.2,4662.1,18,340,,80,1.5,12.5,35.539,SteD/MaaA/CopJ/ShaK/GosH/HarM/MacD/AllJ/CorS/ChiD,1,MOCNESS-1,222,6000,1000,1415,1.415,Oblique,0-1000,1012.7,1592.5,jc214-SE-20210522.0316.001,8,,2062010079,2062100426,2062010045,5,400,300,400-300,23:47,299.1,51.2,213,465.3,10.955,35.464,-10,,,,,,872,,Measurements from Wiebe et al 1985/Baker et al 1973/ MOCNESS Manual.,
206206,EXPORTS,2062,2,2021,JC214,Cook,5/1/21,6/1/21,Etc/UTC,SteD/MaaA/CopJ/ShaK/GosH,62,jc214-SE-20210521.2109.001,3,1,5/21/21,2021-05-21T21:05:00,2021-05-21T21:05:00,21:05:00,21:05:00,Night,48,55.401,48.92335,14,46.958,-14.78263333,2021-05-22T00:37:00,2021-05-22T00:37:00,0:37:00,0:37:00,49,2.806,49.04676667,14,51.118,-14.85196667,212,-52.06470205,339,2.2,4662.1,18,340,,80,1.5,12.5,35.539,SteD/MaaA/CopJ/ShaK/GosH/HarM/MacD/AllJ/CorS/ChiD,1,MOCNESS-1,222,6000,1000,1415,1.415,Oblique,0-1000,1012.7,1592.5,jc214-SE-20210522.0316.001,8,,2062010079,2062100426,2062010045,6,300,200,300-200,0:01,200.6,55.8,196,398.3,11.098,35.478,-10,,,,,,744.8,,Measurements from Wiebe et al 1985/Baker et al 1973/ MOCNESS Manual.,
206207,EXPORTS,2062,2,2021,JC214,Cook,5/1/21,6/1/21,Etc/UTC,SteD/MaaA/CopJ/ShaK/GosH,62,jc214-SE-20210521.2109.001,3,1,5/21/21,2021-05-21T21:05:00,2021-05-21T21:05:00,21:05:00,21:05:00,Night,48,55.401,48.92335,14,46.958,-14.78263333,2021-05-22T00:37:00,2021-05-22T00:37:00,0:37:00,0:37:00,49,2.806,49.04676667,14,51.118,-14.85196667,212,-52.06470205,339,2.2,4662.1,18,340,,80,1.5,12.5,35.539,SteD/MaaA/CopJ/ShaK/GosH/HarM/MacD/AllJ/CorS/ChiD,1,MOCNESS-1,222,6000,1000,1415,1.415,Oblique,0-1000,1012.7,1592.5,jc214-SE-20210522.0316.001,8,,2062010079,2062100426,2062010045,7,200,150,200-150,0:12,151,52.5,143,298.7,11.253,35.496,-10,,,,,,559.1,,Measurements from Wiebe et al 1985/Baker et al 1973/ MOCNESS Manual.,
206208,EXPORTS,2062,2,2021,JC214,Cook,5/1/21,6/1/21,Etc/UTC,SteD/MaaA/CopJ/ShaK/GosH,62,jc214-SE-20210521.2109.001,3,1,5/21/21,2021-05-21T21:05:00,2021-05-21T21:05:00,21:05:00,21:05:00,Night,48,55.401,48.92335,14,46.958,-14.78263333,2021-05-22T00:37:00,2021-05-22T00:37:00,0:37:00,0:37:00,49,2.806,49.04676667,14,51.118,-14.85196667,212,-52.06470205,339,2.2,4662.1,18,340,,80,1.5,12.5,35.539,SteD/MaaA/CopJ/ShaK/GosH/HarM/MacD/AllJ/CorS/ChiD,1,MOCNESS-1,222,6000,1000,1415,1.415,Oblique,0-1000,1012.7,1592.5,jc214-SE-20210522.0316.001,8,,2062010079,2062100426,2062010045,8,150,100,150-100,0:21,99.6,49.7,124,280.4,11.771,35.544,-10,,,,,,526.1,,Measurements from Wiebe et al 1985/Baker et al 1973/ MOCNESS Manual.,
206209,EXPORTS,2062,2,2021,JC214,Cook,5/1/21,6/1/21,Etc/UTC,SteD/MaaA/CopJ/ShaK/GosH,62,jc214-SE-20210521.2109.001,3,1,5/21/21,2021-05-21T21:05:00,2021-05-21T21:05:00,21:05:00,21:05:00,Night,48,55.401,48.92335,14,46.958,-14.78263333,2021-05-22T00:37:00,2021-05-22T00:37:00,0:37:00,0:37:00,49,2.806,49.04676667,14,51.118,-14.85196667,212,-52.06470205,339,2.2,4662.1,18,340,,80,1.5,12.5,35.539,SteD/MaaA/CopJ/ShaK/GosH/HarM/MacD/AllJ/CorS/ChiD,1,MOCNESS-1,222,6000,1000,1415,1.415,Oblique,0-1000,1012.7,1592.5,jc214-SE-20210522.0316.001,8,,2062010079,2062100426,2062010045,9,100,50,100-50,0:29,49,42.8,106,245.2,12.704,35.584,-10,,,,,,457.5,,Measurements from Wiebe et al 1985/Baker et al 1973/ MOCNESS Manual.,
206210,EXPORTS,2062,2,2021,JC214,Cook,5/1/21,6/1/21,Etc/UTC,SteD/MaaA/CopJ/ShaK/GosH,62,jc214-SE-20210521.2109.001,3,1,5/21/21,2021-05-21T21:05:00,2021-05-21T21:05:00,21:05:00,21:05:00,Night,48,55.401,48.92335,14,46.958,-14.78263333,2021-05-22T00:37:00,2021-05-22T00:37:00,0:37:00,0:37:00,49,2.806,49.04676667,14,51.118,-14.85196667,212,-52.06470205,339,2.2,4662.1,18,340,,80,1.5,12.5,35.539,SteD/MaaA/CopJ/ShaK/GosH/HarM/MacD/AllJ/CorS/ChiD,1,MOCNESS-1,222,6000,1000,1415,1.415,Oblique,0-1000,1012.7,1592.5,jc214-SE-20210522.0316.001,8,,2062010079,2062100426,2062010045,10,50,0,50-0,0:37,,,96,246.7,,,,,,,,,423.5,,Measurements from Wiebe et al 1985/Baker et al 1973/ MOCNESS Manual.,
208901,EXPORTS,2089,2,2021,JC214,Cook,5/1/21,6/1/21,Etc/UTC,SteD/MaaA/CopJ/ShaK/GosH,89,jc214-SE-20210526.1017.001,3,6,5/26/21,2021-05-26T10:16:00,2021-05-26T10:16:00,10:16:00,10:16:00,Day,48,44.533,48.74221667,14,51.716,-14.86193333,2021-05-26T14:17:00,2021-05-26T14:17:00,14:17:00,14:17:00,48,35.5,48.59166667,14,48.978,-14.8163,241,19.59577427,165,2.2,4694.4,18,170,Rain,100,1.5,12.38,35.513,SteD/CopJ/ShaK/GosH/HarM/GreN/AllJ/WhiM/PowT,1,MOCNESS-1,222,6000,1000,1415,1.415,Oblique,0-1000,1005.7,2006.5,,9,10,2089010010,2089100570,2089010011,1,0,1000,0-1000,11:26,999.5,52.7,784,1681.9,9.168,35.435,10/20/30/40/30/20/10/0,,,,,,3143,,Measurements from Wiebe et al 1985/Baker et al 1973/ MOCNESS Manual.,
208902,EXPORTS,2089,2,2021,JC214,Cook,5/1/21,6/1/21,Etc/UTC,SteD/MaaA/CopJ/ShaK/GosH,89,jc214-SE-20210526.1017.001,3,6,5/26/21,2021-05-26T10:16:00,2021-05-26T10:16:00,10:16:00,10:16:00,Day,48,44.533,48.74221667,14,51.716,-14.86193333,2021-05-26T14:17:00,2021-05-26T14:17:00,14:17:00,14:17:00,48,35.5,48.59166667,14,48.978,-14.8163,241,19.59577427,165,2.2,4694.4,18,170,Rain,100,1.5,12.38,35.513,SteD/CopJ/ShaK/GosH/HarM/GreN/AllJ/WhiM/PowT,1,MOCNESS-1,222,6000,1000,1415,1.415,Oblique,0-1000,1005.7,2006.5,,9,10,2089010010,2089100570,2089010011,2,1000,750,1000-750,11:59,749,56.5,494,965.6,10.515,35.432,0/-10/-15,4,,,,,1808.2,,Measurements from Wiebe et al 1985/Baker et al 1973/ MOCNESS Manual.,
208903,EXPORTS,2089,2,2021,JC214,Cook,5/1/21,6/1/21,Etc/UTC,SteD/MaaA/CopJ/ShaK/GosH,89,jc214-SE-20210526.1017.001,3,6,5/26/21,2021-05-26T10:16:00,2021-05-26T10:16:00,10:16:00,10:16:00,Day,48,44.533,48.74221667,14,51.716,-14.86193333,2021-05-26T14:17:00,2021-05-26T14:17:00,14:17:00,14:17:00,48,35.5,48.59166667,14,48.978,-14.8163,241,19.59577427,165,2.2,4694.4,18,170,Rain,100,1.5,12.38,35.513,SteD/CopJ/ShaK/GosH/HarM/GreN/AllJ/WhiM/PowT,1,MOCNESS-1,222,6000,1000,1415,1.415,Oblique,0-1000,1005.7,2006.5,,9,10,2089010010,2089100570,2089010011,3,750,500,750-500,12:29,499.1,58.8,447,828.9,10.85,35.46,-15,4,,,,,1553.6,,Measurements from Wiebe et al 1985/Baker et al 1973/ MOCNESS Manual.,
208904,EXPORTS,2089,2,2021,JC214,Cook,5/1/21,6/1/21,Etc/UTC,SteD/MaaA/CopJ/ShaK/GosH,89,jc214-SE-20210526.1017.001,3,6,5/26/21,2021-05-26T10:16:00,2021-05-26T10:16:00,10:16:00,10:16:00,Day,48,44.533,48.74221667,14,51.716,-14.86193333,2021-05-26T14:17:00,2021-05-26T14:17:00,14:17:00,14:17:00,48,35.5,48.59166667,14,48.978,-14.8163,241,19.59577427,165,2.2,4694.4,18,170,Rain,100,1.5,12.38,35.513,SteD/CopJ/ShaK/GosH/HarM/GreN/AllJ/WhiM/PowT,1,MOCNESS-1,222,6000,1000,1415,1.415,Oblique,0-1000,1005.7,2006.5,,9,10,2089010010,2089100570,2089010011,4,500,400,500-400,12:48,400.3,58.3,285,533.6,10.904,35.589,-0.066666667,4,,,,,993.1,,Measurements from Wiebe et al 1985/Baker et al 1973/ MOCNESS Manual.,
208905,EXPORTS,2089,2,2021,JC214,Cook,5/1/21,6/1/21,Etc/UTC,SteD/MaaA/CopJ/ShaK/GosH,89,jc214-SE-20210526.1017.001,3,6,5/26/21,2021-05-26T10:16:00,2021-05-26T10:16:00,10:16:00,10:16:00,Day,48,44.533,48.74221667,14,51.716,-14.86193333,2021-05-26T14:17:00,2021-05-26T14:17:00,14:17:00,14:17:00,48,35.5,48.59166667,14,48.978,-14.8163,241,19.59577427,165,2.2,4694.4,18,170,Rain,100,1.5,12.38,35.513,SteD/CopJ/ShaK/GosH/HarM/GreN/AllJ/WhiM/PowT,1,MOCNESS-1,222,6000,1000,1415,1.415,Oblique,0-1000,1005.7,2006.5,,9,10,2089010010,2089100570,2089010011,5,400,300,400-300,13:11,299.6,58.2,323,611.8,10.964,35.462,-0.066666667,4,,,,,1156.7,,Measurements from Wiebe et al 1985/Baker et al 1973/ MOCNESS Manual.,
208906,EXPORTS,2089,2,2021,JC214,Cook,5/1/21,6/1/21,Etc/UTC,SteD/MaaA/CopJ/ShaK/GosH,89,jc214-SE-20210526.1017.001,3,6,5/26/21,2021-05-26T10:16:00,2021-05-26T10:16:00,10:16:00,10:16:00,Day,48,44.533,48.74221667,14,51.716,-14.86193333,2021-05-26T14:17:00,2021-05-26T14:17:00,14:17:00,14:17:00,48,35.5,48.59166667,14,48.978,-14.8163,241,19.59577427,165,2.2,4694.4,18,170,Rain,100,1.5,12.38,35.513,SteD/CopJ/ShaK/GosH/HarM/GreN/AllJ/WhiM/PowT,1,MOCNESS-1,222,6000,1000,1415,1.415,Oblique,0-1000,1005.7,2006.5,,9,10,2089010010,2089100570,2089010011,6,300,200,300-200,13:34,199.1,59.4,322,628.1,11.186,35.487,-10,4,,,,,1180.8,,Measurements from Wiebe et al 1985/Baker et al 1973/ MOCNESS Manual.,
208907,EXPORTS,2089,2,2021,JC214,Cook,5/1/21,6/1/21,Etc/UTC,SteD/MaaA/CopJ/ShaK/GosH,89,jc214-SE-20210526.1017.001,3,6,5/26/21,2021-05-26T10:16:00,2021-05-26T10:16:00,10:16:00,10:16:00,Day,48,44.533,48.74221667,14,51.716,-14.86193333,2021-05-26T14:17:00,2021-05-26T14:17:00,14:17:00,14:17:00,48,35.5,48.59166667,14,48.978,-14.8163,241,19.59577427,165,2.2,4694.4,18,170,Rain,100,1.5,12.38,35.513,SteD/CopJ/ShaK/GosH/HarM/GreN/AllJ/WhiM/PowT,1,MOCNESS-1,222,6000,1000,1415,1.415,Oblique,0-1000,1005.7,2006.5,,9,10,2089010010,2089100570,2089010011,7,200,150,200-150,13:44,150.2,61.2,140,257.6,11.446,35.508,-10,4,,,,,482,,Measurements from Wiebe et al 1985/Baker et al 1973/ MOCNESS Manual.,
208908,EXPORTS,2089,2,2021,JC214,Cook,5/1/21,6/1/21,Etc/UTC,SteD/MaaA/CopJ/ShaK/GosH,89,jc214-SE-20210526.1017.001,3,6,5/26/21,2021-05-26T10:16:00,2021-05-26T10:16:00,10:16:00,10:16:00,Day,48,44.533,48.74221667,14,51.716,-14.86193333,2021-05-26T14:17:00,2021-05-26T14:17:00,14:17:00,14:17:00,48,35.5,48.59166667,14,48.978,-14.8163,241,19.59577427,165,2.2,4694.4,18,170,Rain,100,1.5,12.38,35.513,SteD/CopJ/ShaK/GosH/HarM/GreN/AllJ/WhiM/PowT,1,MOCNESS-1,222,6000,1000,1415,1.415,Oblique,0-1000,1005.7,2006.5,,9,10,2089010010,2089100570,2089010011,8,150,100,150-100,13:54,100.1,57.4,141,256.8,12.361,35.571,-10,4,,,,,480.4,,Measurements from Wiebe et al 1985/Baker et al 1973/ MOCNESS Manual.,
208909,EXPORTS,2089,2,2021,JC214,Cook,5/1/21,6/1/21,Etc/UTC,SteD/MaaA/CopJ/ShaK/GosH,89,jc214-SE-20210526.1017.001,3,6,5/26/21,2021-05-26T10:16:00,2021-05-26T10:16:00,10:16:00,10:16:00,Day,48,44.533,48.74221667,14,51.716,-14.86193333,2021-05-26T14:17:00,2021-05-26T14:17:00,14:17:00,14:17:00,48,35.5,48.59166667,14,48.978,-14.8163,241,19.59577427,165,2.2,4694.4,18,170,Rain,100,1.5,12.38,35.513,SteD/CopJ/ShaK/GosH/HarM/GreN/AllJ/WhiM/PowT,1,MOCNESS-1,222,6000,1000,1415,1.415,Oblique,0-1000,1005.7,2006.5,,9,10,2089010010,2089100570,2089010011,9,100,50,100-50,14:06,49.7,55.9,166,331.1,12.557,35.562,-10,4,,,,,617.4,,Measurements from Wiebe et al 1985/Baker et al 1973/ MOCNESS Manual.,
208910,EXPORTS,2089,2,2021,JC214,Cook,5/1/21,6/1/21,Etc/UTC,SteD/MaaA/CopJ/ShaK/GosH,89,jc214-SE-20210526.1017.001,3,6,5/26/21,2021-05-26T10:16:00,2021-05-26T10:16:00,10:16:00,10:16:00,Day,48,44.533,48.74221667,14,51.716,-14.86193333,2021-05-26T14:17:00,2021-05-26T14:17:00,14:17:00,14:17:00,48,35.5,48.59166667,14,48.978,-14.8163,241,19.59577427,165,2.2,4694.4,18,170,Rain,100,1.5,12.38,35.513,SteD/CopJ/ShaK/GosH/HarM/GreN/AllJ/WhiM/PowT,1,MOCNESS-1,222,6000,1000,1415,1.415,Oblique,0-1000,1005.7,2006.5,,9,10,2089010010,2089100570,2089010011,10,50,0,50-0,14:17,,,144,360.6,,,-10,4,,,,,490.3,,Measurements from Wiebe et al 1985/Baker et al 1973/ MOCNESS Manual.,
209001,EXPORTS,2090,2,2021,JC214,Cook,5/1/21,6/1/21,Etc/UTC,SteD/MaaA/CopJ/ShaK/GosH,90,jc214-SE-20210526.2119.001,3,6,5/26/21,2021-05-26T21:18:00,2021-05-26T21:18:00,21:18:00,21:18:00,Night,48,44.599,48.74331667,14,52.693,-14.87821667,2021-05-27T01:46:00,2021-05-27T01:46:00,1:46:00,1:46:00,48,50.089,48.83481667,15,6.525,-15.10875,268,-57.68956647,300,2.3,4714,11,290,,,,12.85,35.549,SteD/MaaA/CopJ/ShaK/GosH/HarM/ChiD,1,MOCNESS-1,222,6000,1000,1415,1.415,Oblique,0-1000,1015.2,1862.5,,10,10,2090010267,2090100568,2090010011,1,0,1000,0-1000,22:53,999.6,40.9,1122,2852.9,8.941,35.449,10/20/30/40/30/20/10,,,,,,5199.9,,Measurements from Wiebe et al 1985/Baker et al 1973/ MOCNESS Manual.,Brought up to check nets.
209002,EXPORTS,2090,2,2021,JC214,Cook,5/1/21,6/1/21,Etc/UTC,SteD/MaaA/CopJ/ShaK/GosH,90,jc214-SE-20210526.2119.001,3,6,5/26/21,2021-05-26T21:18:00,2021-05-26T21:18:00,21:18:00,21:18:00,Night,48,44.599,48.74331667,14,52.693,-14.87821667,2021-05-27T01:46:00,2021-05-27T01:46:00,1:46:00,1:46:00,48,50.089,48.83481667,15,6.525,-15.10875,268,-57.68956647,300,2.3,4714,11,290,,,,12.85,35.549,SteD/MaaA/CopJ/ShaK/GosH/HarM/ChiD,1,MOCNESS-1,222,6000,1000,1415,1.415,Oblique,0-1000,1015.2,1862.5,,10,10,2090010267,2090100568,2090010011,2,1000,750,1000-750,23:21,747.9,57.2,393,755.5,10.578,35.434,0/-10/-15/-10,4,,,,,1418.8,,Measurements from Wiebe et al 1985/Baker et al 1973/ MOCNESS Manual.,
209003,EXPORTS,2090,2,2021,JC214,Cook,5/1/21,6/1/21,Etc/UTC,SteD/MaaA/CopJ/ShaK/GosH,90,jc214-SE-20210526.2119.001,3,6,5/26/21,2021-05-26T21:18:00,2021-05-26T21:18:00,21:18:00,21:18:00,Night,48,44.599,48.74331667,14,52.693,-14.87821667,2021-05-27T01:46:00,2021-05-27T01:46:00,1:46:00,1:46:00,48,50.089,48.83481667,15,6.525,-15.10875,268,-57.68956647,300,2.3,4714,11,290,,,,12.85,35.549,SteD/MaaA/CopJ/ShaK/GosH/HarM/ChiD,1,MOCNESS-1,222,6000,1000,1415,1.415,Oblique,0-1000,1015.2,1862.5,,10,10,2090010267,2090100568,2090010011,3,750,500,750-500,23:53,500,62.5,482,840.9,10.874,35.46,-0.066666667,4,,,,,1573.7,,Measurements from Wiebe et al 1985/Baker et al 1973/ MOCNESS Manual.,
209004,EXPORTS,2090,2,2021,JC214,Cook,5/1/21,6/1/21,Etc/UTC,SteD/MaaA/CopJ/ShaK/GosH,90,jc214-SE-20210526.2119.001,3,6,5/26/21,2021-05-26T21:18:00,2021-05-26T21:18:00,21:18:00,21:18:00,Night,48,44.599,48.74331667,14,52.693,-14.87821667,2021-05-27T01:46:00,2021-05-27T01:46:00,1:46:00,1:46:00,48,50.089,48.83481667,15,6.525,-15.10875,268,-57.68956647,300,2.3,4714,11,290,,,,12.85,35.549,SteD/MaaA/CopJ/ShaK/GosH/HarM/ChiD,1,MOCNESS-1,222,6000,1000,1415,1.415,Oblique,0-1000,1015.2,1862.5,,10,10,2090010267,2090100568,2090010011,4,500,400,500-400,0:17,400.4,59,360,672,10.937,35.46,-0.066666667,4,,,,,1255.8,,Measurements from Wiebe et al 1985/Baker et al 1973/ MOCNESS Manual.,
209005,EXPORTS,2090,2,2021,JC214,Cook,5/1/21,6/1/21,Etc/UTC,SteD/MaaA/CopJ/ShaK/GosH,90,jc214-SE-20210526.2119.001,3,6,5/26/21,2021-05-26T21:18:00,2021-05-26T21:18:00,21:18:00,21:18:00,Night,48,44.599,48.74331667,14,52.693,-14.87821667,2021-05-27T01:46:00,2021-05-27T01:46:00,1:46:00,1:46:00,48,50.089,48.83481667,15,6.525,-15.10875,268,-57.68956647,300,2.3,4714,11,290,,,,12.85,35.549,SteD/MaaA/CopJ/ShaK/GosH/HarM/ChiD,1,MOCNESS-1,222,6000,1000,1415,1.415,Oblique,0-1000,1015.2,1862.5,,10,10,2090010267,2090100568,2090010011,5,400,300,400-300,0:41,299.7,61.4,358,663.5,11.1,35.476,-10,4,,,,,1243,,Measurements from Wiebe et al 1985/Baker et al 1973/ MOCNESS Manual.,
209006,EXPORTS,2090,2,2021,JC214,Cook,5/1/21,6/1/21,Etc/UTC,SteD/MaaA/CopJ/ShaK/GosH,90,jc214-SE-20210526.2119.001,3,6,5/26/21,2021-05-26T21:18:00,2021-05-26T21:18:00,21:18:00,21:18:00,Night,48,44.599,48.74331667,14,52.693,-14.87821667,2021-05-27T01:46:00,2021-05-27T01:46:00,1:46:00,1:46:00,48,50.089,48.83481667,15,6.525,-15.10875,268,-57.68956647,300,2.3,4714,11,290,,,,12.85,35.549,SteD/MaaA/CopJ/ShaK/GosH/HarM/ChiD,1,MOCNESS-1,222,6000,1000,1415,1.415,Oblique,0-1000,1015.2,1862.5,,10,10,2090010267,2090100568,2090010011,6,300,200,300-200,1:05,200.1,58.8,343,656.1,11.565,35.523,-10,4,,,,,1227.7,,Measurements from Wiebe et al 1985/Baker et al 1973/ MOCNESS Manual.,
209007,EXPORTS,2090,2,2021,JC214,Cook,5/1/21,6/1/21,Etc/UTC,SteD/MaaA/CopJ/ShaK/GosH,90,jc214-SE-20210526.2119.001,3,6,5/26/21,2021-05-26T21:18:00,2021-05-26T21:18:00,21:18:00,21:18:00,Night,48,44.599,48.74331667,14,52.693,-14.87821667,2021-05-27T01:46:00,2021-05-27T01:46:00,1:46:00,1:46:00,48,50.089,48.83481667,15,6.525,-15.10875,268,-57.68956647,300,2.3,4714,11,290,,,,12.85,35.549,SteD/MaaA/CopJ/ShaK/GosH/HarM/ChiD,1,MOCNESS-1,222,6000,1000,1415,1.415,Oblique,0-1000,1015.2,1862.5,,10,10,2090010267,2090100568,2090010011,7,200,150,200-150,1:14,149.8,60.5,130,237.4,11.959,35.553,-10,4,,,,,443.9,,Measurements from Wiebe et al 1985/Baker et al 1973/ MOCNESS Manual.,
209008,EXPORTS,2090,2,2021,JC214,Cook,5/1/21,6/1/21,Etc/UTC,SteD/MaaA/CopJ/ShaK/GosH,90,jc214-SE-20210526.2119.001,3,6,5/26/21,2021-05-26T21:18:00,2021-05-26T21:18:00,21:18:00,21:18:00,Night,48,44.599,48.74331667,14,52.693,-14.87821667,2021-05-27T01:46:00,2021-05-27T01:46:00,1:46:00,1:46:00,48,50.089,48.83481667,15,6.525,-15.10875,268,-57.68956647,300,2.3,4714,11,290,,,,12.85,35.549,SteD/MaaA/CopJ/ShaK/GosH/HarM/ChiD,1,MOCNESS-1,222,6000,1000,1415,1.415,Oblique,0-1000,1015.2,1862.5,,10,10,2090010267,2090100568,2090010011,8,150,100,150-100,1:25,100,62.2,153,280.3,12.533,35.567,-10,4,,,,,522.6,,Measurements from Wiebe et al 1985/Baker et al 1973/ MOCNESS Manual.,
209009,EXPORTS,2090,2,2021,JC214,Cook,5/1/21,6/1/21,Etc/UTC,SteD/MaaA/CopJ/ShaK/GosH,90,jc214-SE-20210526.2119.001,3,6,5/26/21,2021-05-26T21:18:00,2021-05-26T21:18:00,21:18:00,21:18:00,Night,48,44.599,48.74331667,14,52.693,-14.87821667,2021-05-27T01:46:00,2021-05-27T01:46:00,1:46:00,1:46:00,48,50.089,48.83481667,15,6.525,-15.10875,268,-57.68956647,300,2.3,4714,11,290,,,,12.85,35.549,SteD/MaaA/CopJ/ShaK/GosH/HarM/ChiD,1,MOCNESS-1,222,6000,1000,1415,1.415,Oblique,0-1000,1015.2,1862.5,,10,10,2090010267,2090100568,2090010011,9,100,50,100-50,1:35,50,59.3,152,286.7,12.656,35.573,-10,4,,,,,536.9,,Measurements from Wiebe et al 1985/Baker et al 1973/ MOCNESS Manual.,
209010,EXPORTS,2090,2,2021,JC214,Cook,5/1/21,6/1/21,Etc/UTC,SteD/MaaA/CopJ/ShaK/GosH,90,jc214-SE-20210526.2119.001,3,6,5/26/21,2021-05-26T21:18:00,2021-05-26T21:18:00,21:18:00,21:18:00,Night,48,44.599,48.74331667,14,52.693,-14.87821667,2021-05-27T01:46:00,2021-05-27T01:46:00,1:46:00,1:46:00,48,50.089,48.83481667,15,6.525,-15.10875,268,-57.68956647,300,2.3,4714,11,290,,,,12.85,35.549,SteD/MaaA/CopJ/ShaK/GosH/HarM/ChiD,1,MOCNESS-1,222,6000,1000,1415,1.415,Oblique,0-1000,1015.2,1862.5,,10,10,2090010267,2090100568,2090010011,10,50,0,50-0,1:46,,,149,365.8,,,-10,4,,,,,510.7,,Measurements from Wiebe et al 1985/Baker et al 1973/ MOCNESS Manual.,