,Ship,Date,TimeLocal,DayNight,LatitudeStart,LongitudeStart,LatitudeEnd,LongitudeEnd,Tow_number,Net_number,fish_no,MeshSize,DepthStart,DepthEnd,DepthInterval,VolFiltM3,Scientific_name,Lowest_taxon,Family,AphiaID,Std_length_mm,total_weight_g
1,Sarmiento,5/6/21,21:33:00,Night,48.950748,-14.812915,48.960967,-14.928838,2,4,3,333,100,0,100,7943,Benthosema glaciale,Species,Myctophidae,126580,39,0.8429
2,Sarmiento,5/6/21,21:33:00,Night,48.950748,-14.812915,48.960967,-14.928838,2,4,4,333,100,0,100,7943,Benthosema glaciale,Species,Myctophidae,126580,34,0.4717
3,Sarmiento,5/14/21,0:18:00,Night,48.972416,-14.708406,48.91968,-14.79558,6,4,11,333,100,0,100,8374,Myctophum punctatum,Species,Myctophidae,126627,80,8.2952
4,Sarmiento,5/17/21,23:45:00,Night,49.060371,-15.063954,49.056541,-15.188733,8,4,18,333,100,0,100,15285,Myctophum punctatum,Species,Myctophidae,126627,69,5.11
5,Sarmiento,5/17/21,23:45:00,Night,49.060371,-15.063954,49.056541,-15.188733,8,4,19,333,100,0,100,15285,Symbolophorus veranyi,Species,Myctophidae,126630,50,1.9002
6,Sarmiento,5/18/21,23:29:00,Night,49.043602,-14.920976,49.079132,-15.014477,9,4,23,333,100,0,100,11783,Benthosema glaciale,Species,Myctophidae,126580,28,0.2737
7,Sarmiento,5/18/21,23:29:00,Night,49.043602,-14.920976,49.079132,-15.014477,9,4,24,333,100,0,100,11783,Benthosema glaciale,Species,Myctophidae,126580,43,1.1004
8,Sarmiento,5/18/21,23:29:00,Night,49.043602,-14.920976,49.079132,-15.014477,9,4,25,333,100,0,100,11783,Benthosema glaciale,Species,Myctophidae,126580,35,0.5708
9,Sarmiento,5/6/21,21:33:00,Night,48.950748,-14.812915,48.960967,-14.928838,2,2,32,333,500,300,200,12654,Protomyctophum arcticum,Species,Myctophidae,158917,32,0.5015
10,Sarmiento,5/6/21,21:33:00,Night,48.950748,-14.812915,48.960967,-14.928838,2,3,33,333,300,100,200,13316,Benthosema glaciale,Species,Myctophidae,126580,22,0.096
11,Sarmiento,5/6/21,21:33:00,Night,48.950748,-14.812915,48.960967,-14.928838,2,4,34,333,100,0,100,7943,Benthosema glaciale,Species,Myctophidae,126580,39,0.7034
12,Sarmiento,5/6/21,21:33:00,Night,48.950748,-14.812915,48.960967,-14.928838,2,4,35,333,100,0,100,7943,Benthosema glaciale,Species,Myctophidae,126580,37,0.6342
13,Sarmiento,5/17/21,23:45:00,Night,49.060371,-15.063954,49.056541,-15.188733,8,3,36,333,300,100,200,17420,Argyropelecus olfersii,Species,Sternoptychidae,274967,27,0.5202
14,Sarmiento,5/17/21,23:45:00,Night,49.060371,-15.063954,49.056541,-15.188733,8,3,37,333,300,100,200,17420,Argyropelecus hemigymnus,Species,Sternoptychidae,127309,24,0.2996
15,Sarmiento,5/14/21,0:18:00,Night,48.972416,-14.708406,48.91968,-14.79558,6,4,38,333,100,0,100,8374,Cyclothone braueri,Species,Gonostomatidae,127284,30,0.16
16,Sarmiento,5/17/21,23:45:00,Night,49.060371,-15.063954,49.056541,-15.188733,8,4,41,333,100,0,100,15285,Myctophum punctatum,Species,Myctophidae,126627,90,12.32
17,Sarmiento,5/14/21,0:18:00,Night,48.972416,-14.708406,48.91968,-14.79558,6,4,42,333,100,0,100,8374,Benthosema glaciale,Species,Myctophidae,126580,30,0.531
18,Sarmiento,5/14/21,0:18:00,Night,48.972416,-14.708406,48.91968,-14.79558,6,4,43,333,100,0,100,8374,Cyclothone braueri,Species,Gonostomatidae,127284,34,0.2116
19,Sarmiento,5/17/21,11:17:00,Day,48.919083,-14.818491,48.942654,-14.950189,7,2,46,333,500,300,200,14082,Benthosema glaciale,Species,Myctophidae,126580,25,0.2322
20,Sarmiento,5/17/21,11:17:00,Day,48.919083,-14.818491,48.942654,-14.950189,7,2,47,333,500,300,200,14082,Benthosema glaciale,Species,Myctophidae,126580,27,0.2274
21,Sarmiento,5/13/21,15:30:00,Day,49.111649,-14.747449,49.149111,-14.685163,5,1,48,333,1000,500,500,20594,Benthosema glaciale,Species,Myctophidae,126580,23,0.1322
22,Sarmiento,5/18/21,23:29:00,Night,49.043602,-14.920976,49.079132,-15.014477,9,1,50,333,1000,500,500,21738,Lampanyctus macdonaldi,Species,Myctophidae,126617,29,0.1355
23,Sarmiento,5/18/21,23:29:00,Night,49.043602,-14.920976,49.079132,-15.014477,9,1,51,333,1000,500,500,21738,Lampanyctus macdonaldi,Species,Myctophidae,126617,28,0.1978
24,Sarmiento,5/18/21,23:29:00,Night,49.043602,-14.920976,49.079132,-15.014477,9,1,52,333,1000,500,500,21738,Lampanyctus ater,Species,Myctophidae,126611,106,10.4363
25,Sarmiento,5/13/21,15:30:00,Day,49.111649,-14.747449,49.149111,-14.685163,5,1,53,333,1000,500,500,20594,Benthosema glaciale,Species,Myctophidae,126580,24,0.1704
26,Sarmiento,5/17/21,23:45:00,Night,49.060371,-15.063954,49.056541,-15.188733,8,1,54,333,1000,500,500,27819,Lampanyctus macdonaldi,Species,Myctophidae,126617,32,0.1875
27,Sarmiento,5/13/21,2:18:00,Night,49.117264,-14.734732,49.027761,-14.771244,4,1,55,333,1000,500,500,33382,Lampanyctus,Genus,Myctophidae,125825,145,29.3514
28,Sarmiento,5/17/21,23:45:00,Night,49.060371,-15.063954,49.056541,-15.188733,8,3,56,333,300,100,200,17420,Argyropelecus hemigymnus,Species,Sternoptychidae,127309,27,0.4611
29,Sarmiento,5/17/21,23:45:00,Night,49.060371,-15.063954,49.056541,-15.188733,8,3,57,333,300,100,200,17420,Argyropelecus hemigymnus,Species,Sternoptychidae,127309,28,0.5161
30,Sarmiento,5/17/21,11:17:00,Day,48.919083,-14.818491,48.942654,-14.950189,7,2,58,333,500,300,200,14082,Argyropelecus hemigymnus,Species,Sternoptychidae,127309,25,0.4281
31,Sarmiento,5/17/21,11:17:00,Day,48.919083,-14.818491,48.942654,-14.950189,7,2,59,333,500,300,200,14082,Argyropelecus hemigymnus,Species,Sternoptychidae,127309,23,0.267
32,Sarmiento,5/17/21,11:17:00,Day,48.919083,-14.818491,48.942654,-14.950189,7,2,60,333,500,300,200,14082,Argyropelecus hemigymnus,Species,Sternoptychidae,127309,29,0.4908
33,Sarmiento,5/17/21,11:17:00,Day,48.919083,-14.818491,48.942654,-14.950189,7,2,61,333,500,300,200,14082,Argyropelecus hemigymnus,Species,Sternoptychidae,127309,25,0.3046
34,Sarmiento,5/17/21,11:17:00,Day,48.919083,-14.818491,48.942654,-14.950189,7,2,62,333,500,300,200,14082,Argyropelecus hemigymnus,Species,Sternoptychidae,127309,33,0.8271
35,Sarmiento,5/17/21,11:17:00,Day,48.919083,-14.818491,48.942654,-14.950189,7,2,63,333,500,300,200,14082,Argyropelecus hemigymnus,Species,Sternoptychidae,127309,26,0.3358
36,Sarmiento,5/17/21,11:17:00,Day,48.919083,-14.818491,48.942654,-14.950189,7,2,64,333,500,300,200,14082,Argyropelecus hemigymnus,Species,Sternoptychidae,127309,29,0.5618
37,Sarmiento,5/17/21,11:17:00,Day,48.919083,-14.818491,48.942654,-14.950189,7,2,65,333,500,300,200,14082,Argyropelecus olfersii,Species,Sternoptychidae,274967,17,0.2016
38,Sarmiento,5/14/21,0:18:00,Night,48.972416,-14.708406,48.91968,-14.79558,6,2,66,333,500,300,200,10378,Argyropelecus hemigymnus,Species,Sternoptychidae,127309,28,0.3986
39,Sarmiento,5/14/21,0:18:00,Night,48.972416,-14.708406,48.91968,-14.79558,6,2,67,333,500,300,200,10378,Argyropelecus hemigymnus,Species,Sternoptychidae,127309,33,0.6018
40,Sarmiento,5/14/21,0:18:00,Night,48.972416,-14.708406,48.91968,-14.79558,6,2,68,333,500,300,200,10378,Argyropelecus hemigymnus,Species,Sternoptychidae,127309,27,0.3394
41,Sarmiento,5/17/21,23:45:00,Night,49.060371,-15.063954,49.056541,-15.188733,8,3,69,333,300,100,200,17420,Argyropelecus hemigymnus,Species,Sternoptychidae,127309,34,0.7329
42,Sarmiento,5/13/21,15:30:00,Day,49.111649,-14.747449,49.149111,-14.685163,5,3,70,333,300,100,200,10917,Argyropelecus olfersii,Species,Sternoptychidae,274967,24,0.3576
43,Sarmiento,5/18/21,23:29:00,Night,49.043602,-14.920976,49.079132,-15.014477,9,3,71,333,300,100,200,18535,Argyropelecus olfersii,Species,Sternoptychidae,274967,42,2.1565
44,Sarmiento,5/18/21,23:29:00,Night,49.043602,-14.920976,49.079132,-15.014477,9,3,72,333,300,100,200,18535,Argyropelecus olfersii,Species,Sternoptychidae,274967,26,0.48
45,Sarmiento,5/18/21,23:29:00,Night,49.043602,-14.920976,49.079132,-15.014477,9,3,73,333,300,100,200,18535,Argyropelecus olfersii,Species,Sternoptychidae,274967,22,0.3995
46,Sarmiento,5/13/21,15:30:00,Day,49.111649,-14.747449,49.149111,-14.685163,5,1,74,333,1000,500,500,20594,Cyclothone braueri,Species,Gonostomatidae,127284,30,0.1396
47,Sarmiento,5/13/21,15:30:00,Day,49.111649,-14.747449,49.149111,-14.685163,5,1,75,333,1000,500,500,20594,Cyclothone braueri,Species,Gonostomatidae,127284,29,0.1459
48,Sarmiento,5/13/21,15:30:00,Day,49.111649,-14.747449,49.149111,-14.685163,5,1,76,333,1000,500,500,20594,Cyclothone,Genus,Gonostomatidae,126187,35,0.1816
49,Sarmiento,5/13/21,15:30:00,Day,49.111649,-14.747449,49.149111,-14.685163,5,1,77,333,1000,500,500,20594,Cyclothone braueri,Species,Gonostomatidae,127284,19,0.0526
50,Sarmiento,5/13/21,15:30:00,Day,49.111649,-14.747449,49.149111,-14.685163,5,1,78,333,1000,500,500,20594,Cyclothone braueri,Species,Gonostomatidae,127284,45,0.9504
51,Sarmiento,5/13/21,15:30:00,Day,49.111649,-14.747449,49.149111,-14.685163,5,1,79,333,1000,500,500,20594,Cyclothone braueri,Species,Gonostomatidae,127284,29,0.1458
52,Sarmiento,5/13/21,15:30:00,Day,49.111649,-14.747449,49.149111,-14.685163,5,1,80,333,1000,500,500,20594,Cyclothone braueri,Species,Gonostomatidae,127284,36,0.1762
53,Sarmiento,5/13/21,15:30:00,Day,49.111649,-14.747449,49.149111,-14.685163,5,1,81,333,1000,500,500,20594,Cyclothone,Genus,Gonostomatidae,126187,32,0.1279
54,Sarmiento,5/13/21,15:30:00,Day,49.111649,-14.747449,49.149111,-14.685163,5,1,82,333,1000,500,500,20594,Cyclothone,Genus,Gonostomatidae,126187,32,0.1538
55,Sarmiento,5/13/21,2:18:00,Night,49.117264,-14.734732,49.027761,-14.771244,4,4,83,333,100,0,100,7325,Cyclothone braueri,Species,Gonostomatidae,127284,30,0.152
56,Sarmiento,5/13/21,2:18:00,Night,49.117264,-14.734732,49.027761,-14.771244,4,4,84,333,100,0,100,7325,Cyclothone pallida,Species,Gonostomatidae,127288,45,0.4034
57,Sarmiento,5/18/21,23:29:00,Night,49.043602,-14.920976,49.079132,-15.014477,9,1,85,333,1000,500,500,21738,Cyclothone,Genus,Gonostomatidae,126187,34,0.2003
58,Sarmiento,5/18/21,23:29:00,Night,49.043602,-14.920976,49.079132,-15.014477,9,1,86,333,1000,500,500,21738,Cyclothone microdon,Species,Gonostomatidae,127286,35,0.2095
59,Sarmiento,5/18/21,23:29:00,Night,49.043602,-14.920976,49.079132,-15.014477,9,1,87,333,1000,500,500,21738,Cyclothone,Genus,Gonostomatidae,126187,59,0.9818
60,Sarmiento,5/17/21,23:45:00,Night,49.060371,-15.063954,49.056541,-15.188733,8,1,88,333,1000,500,500,27819,Sigmops elongatus,Species,Gonostomatidae,221512,180,25.405
61,Sarmiento,5/17/21,11:17:00,Day,48.919083,-14.818491,48.942654,-14.950189,7,1,89,333,1000,500,500,17737,Cyclothone,Genus,Gonostomatidae,126187,62,1.2205
62,Sarmiento,5/13/21,15:30:00,Day,49.111649,-14.747449,49.149111,-14.685163,5,1,90,333,1000,500,500,20594,Cyclothone,Genus,Gonostomatidae,126187,52,0.6095
63,Sarmiento,5/18/21,23:29:00,Night,49.043602,-14.920976,49.079132,-15.014477,9,1,91,333,1000,500,500,21738,Cyclothone braueri,Species,Gonostomatidae,127284,32,0.182
64,Sarmiento,5/6/21,12:19:00,Day,48.935261,-14.81727,48.944183,-14.88836,1,1,105,333,1000,500,500,15552,Benthosema glaciale,Species,Myctophidae,126580,23,0.1452
65,Sarmiento,5/6/21,12:19:00,Day,48.935261,-14.81727,48.944183,-14.88836,1,1,106,333,1000,500,500,15552,Benthosema glaciale,Species,Myctophidae,126580,25,0.1597
66,Sarmiento,5/6/21,12:19:00,Day,48.935261,-14.81727,48.944183,-14.88836,1,1,107,333,1000,500,500,15552,Benthosema glaciale,Species,Myctophidae,126580,25,0.1757
67,Sarmiento,5/6/21,12:19:00,Day,48.935261,-14.81727,48.944183,-14.88836,1,1,108,333,1000,500,500,15552,Benthosema glaciale,Species,Myctophidae,126580,26,0.1866
68,Sarmiento,5/6/21,12:19:00,Day,48.935261,-14.81727,48.944183,-14.88836,1,1,109,333,1000,500,500,15552,Benthosema glaciale,Species,Myctophidae,126580,25,0.1722
69,Sarmiento,5/6/21,12:19:00,Day,48.935261,-14.81727,48.944183,-14.88836,1,1,110,333,1000,500,500,15552,Benthosema glaciale,Species,Myctophidae,126580,25,0.1756
70,Sarmiento,5/6/21,12:19:00,Day,48.935261,-14.81727,48.944183,-14.88836,1,1,111,333,1000,500,500,15552,Myctophum punctatum,Species,Myctophidae,126627,22,0.0856
71,Sarmiento,5/6/21,12:19:00,Day,48.935947,-14.81727,48.944183,-14.88836,1,0,112,333,0,1000,1000,24176,Benthosema glaciale,Species,Myctophidae,126580,21,0.09
72,Sarmiento,5/6/21,12:19:00,Day,48.935947,-14.81727,48.944183,-14.88836,1,0,113,333,0,1000,1000,24176,Benthosema glaciale,Species,Myctophidae,126580,23,0.1389
73,Sarmiento,5/6/21,12:19:00,Day,48.935261,-14.81727,48.944183,-14.88836,1,3,114,333,500,0,500,27932,Benthosema glaciale,Species,Myctophidae,126580,25,0.1768
74,Sarmiento,5/6/21,12:19:00,Day,48.935947,-14.81727,48.944183,-14.88836,1,0,115,333,0,1000,1000,24176,Cyclothone,Genus,Gonostomatidae,126187,39,0.2542
75,Sarmiento,5/6/21,12:19:00,Day,48.935947,-14.81727,48.944183,-14.88836,1,0,116,333,0,1000,1000,24176,Cyclothone,Genus,Gonostomatidae,126187,32,0.1634
76,Sarmiento,5/6/21,12:19:00,Day,48.935947,-14.81727,48.944183,-14.88836,1,0,117,333,0,1000,1000,24176,Cyclothone,Genus,Gonostomatidae,126187,31,0.1228
77,Sarmiento,5/6/21,12:19:00,Day,48.935947,-14.81727,48.944183,-14.88836,1,0,118,333,0,1000,1000,24176,Cyclothone,Genus,Gonostomatidae,126187,35,0.2015
78,Sarmiento,5/6/21,12:19:00,Day,48.935947,-14.81727,48.944183,-14.88836,1,0,119,333,0,1000,1000,24176,Cyclothone,Genus,Gonostomatidae,126187,33,0.1431
79,Sarmiento,5/6/21,12:19:00,Day,48.935947,-14.81727,48.944183,-14.88836,1,0,120,333,0,1000,1000,24176,Cyclothone,Genus,Gonostomatidae,126187,21,0.0597
80,Sarmiento,5/6/21,12:19:00,Day,48.935947,-14.81727,48.944183,-14.88836,1,0,121,333,0,1000,1000,24176,Cyclothone,Genus,Gonostomatidae,126187,30,0.1371
81,Sarmiento,5/6/21,12:19:00,Day,48.935947,-14.81727,48.944183,-14.88836,1,0,122,333,0,1000,1000,24176,Cyclothone,Genus,Gonostomatidae,126187,37,0.1539
82,Sarmiento,5/6/21,12:19:00,Day,48.935261,-14.81727,48.944183,-14.88836,1,3,123,333,500,0,500,27932,Argyropelecus hemigymnus,Species,Sternoptychidae,127309,26,0.3361
83,Sarmiento,5/6/21,12:19:00,Day,48.935261,-14.81727,48.944183,-14.88836,1,3,124,333,500,0,500,27932,Argyropelecus hemigymnus,Species,Sternoptychidae,127309,24,0.3102
84,Sarmiento,5/6/21,12:19:00,Day,48.935261,-14.81727,48.944183,-14.88836,1,3,125,333,500,0,500,27932,Argyropelecus hemigymnus,Species,Sternoptychidae,127309,18,0.2443
85,Sarmiento,5/6/21,12:19:00,Day,48.935261,-14.81727,48.944183,-14.88836,1,3,126,333,500,0,500,27932,Argyropelecus hemigymnus,Species,Sternoptychidae,127309,21,0.1856
86,Sarmiento,5/6/21,12:19:00,Day,48.935261,-14.81727,48.944183,-14.88836,1,3,127,333,500,0,500,27932,Argyropelecus hemigymnus,Species,Sternoptychidae,127309,19,0.1402
87,Sarmiento,5/6/21,12:19:00,Day,48.935261,-14.81727,48.944183,-14.88836,1,3,128,333,500,0,500,27932,Argyropelecus hemigymnus,Species,Sternoptychidae,127309,18,0.1366
88,Sarmiento,5/6/21,12:19:00,Day,48.935261,-14.81727,48.944183,-14.88836,1,3,129,333,500,0,500,27932,Argyropelecus hemigymnus,Species,Sternoptychidae,127309,16,0.0999
89,Sarmiento,5/6/21,12:19:00,Day,48.935261,-14.81727,48.944183,-14.88836,1,3,130,333,500,0,500,27932,Argyropelecus hemigymnus,Species,Sternoptychidae,127309,14,0.0822
90,Sarmiento,5/6/21,12:19:00,Day,48.935261,-14.81727,48.944183,-14.88836,1,1,131,333,1000,500,500,15552,Xenodermichthys copei,Species,Alepocephalidae,126714,41,0.5858
91,Sarmiento,5/6/21,12:19:00,Day,48.935947,-14.81727,48.944183,-14.88836,1,0,132,333,0,1000,1000,24176,Xenodermichthys copei,Species,Alepocephalidae,126714,38,0.3781
92,Sarmiento,5/6/21,12:19:00,Day,48.935261,-14.81727,48.944183,-14.88836,1,1,133,333,1000,500,500,15552,Cyclothone,Genus,Gonostomatidae,126187,31,0.1818
93,Sarmiento,5/6/21,12:19:00,Day,48.935261,-14.81727,48.944183,-14.88836,1,1,134,333,1000,500,500,15552,Cyclothone,Genus,Gonostomatidae,126187,31,0.1495
94,Sarmiento,5/6/21,12:19:00,Day,48.935261,-14.81727,48.944183,-14.88836,1,1,135,333,1000,500,500,15552,Cyclothone,Genus,Gonostomatidae,126187,34,0.1688
95,Sarmiento,5/6/21,12:19:00,Day,48.935261,-14.81727,48.944183,-14.88836,1,1,136,333,1000,500,500,15552,Cyclothone,Genus,Gonostomatidae,126187,34,0.1835
96,Sarmiento,5/6/21,12:19:00,Day,48.935261,-14.81727,48.944183,-14.88836,1,1,137,333,1000,500,500,15552,Cyclothone,Genus,Gonostomatidae,126187,35,0.1445
97,Sarmiento,5/6/21,12:19:00,Day,48.935261,-14.81727,48.944183,-14.88836,1,1,138,333,1000,500,500,15552,Cyclothone,Genus,Gonostomatidae,126187,40,0.2881
98,Sarmiento,5/6/21,12:19:00,Day,48.935261,-14.81727,48.944183,-14.88836,1,1,139,333,1000,500,500,15552,Cyclothone,Genus,Gonostomatidae,126187,33,0.1846
99,Sarmiento,5/6/21,12:19:00,Day,48.935261,-14.81727,48.944183,-14.88836,1,1,140,333,1000,500,500,15552,Cyclothone,Genus,Gonostomatidae,126187,53,0.8086
100,Sarmiento,5/6/21,12:19:00,Day,48.935261,-14.81727,48.944183,-14.88836,1,1,141,333,1000,500,500,15552,Nannobrachium,Genus,Myctophidae,158908,28,0.1375
101,Sarmiento,5/6/21,21:33:00,Night,48.950748,-14.812915,48.960967,-14.928838,2,3,156,333,300,100,200,13316,Argyropelecus,Genus,Sternoptychidae,126196,24.7,0.4401
102,Sarmiento,5/6/21,21:33:00,Night,48.950748,-14.812915,48.960967,-14.928838,2,3,157,333,300,100,200,13316,Argyropelecus,Genus,Sternoptychidae,126196,16.5,0.1367
103,Sarmiento,5/6/21,21:33:00,Night,48.950748,-14.812915,48.960967,-14.928838,2,3,158,333,300,100,200,13316,Argyropelecus,Genus,Sternoptychidae,126196,15.8,0.1329
104,Sarmiento,5/6/21,21:33:00,Night,48.950748,-14.812915,48.960967,-14.928838,2,3,159,333,300,100,200,13316,Argyropelecus,Genus,Sternoptychidae,126196,14.3,0.0841
105,Sarmiento,5/6/21,21:33:00,Night,48.950748,-14.812915,48.960967,-14.928838,2,3,160,333,300,100,200,13316,Argyropelecus,Genus,Sternoptychidae,126196,15.1,0.0927
106,Sarmiento,5/6/21,21:33:00,Night,48.950748,-14.812915,48.960967,-14.928838,2,3,161,333,300,100,200,13316,Argyropelecus hemigymnus,Species,Sternoptychidae,127309,27.7,0.4253
107,Sarmiento,5/6/21,21:33:00,Night,48.950748,-14.812915,48.960967,-14.928838,2,3,162,333,300,100,200,13316,Argyropelecus hemigymnus,Species,Sternoptychidae,127309,20.9,0.2056
108,Sarmiento,5/6/21,21:33:00,Night,48.950748,-14.812915,48.960967,-14.928838,2,3,163,333,300,100,200,13316,Argyropelecus hemigymnus,Species,Sternoptychidae,127309,27.8,0.4568
109,Sarmiento,5/6/21,21:33:00,Night,48.950748,-14.812915,48.960967,-14.928838,2,3,164,333,300,100,200,13316,Argyropelecus hemigymnus,Species,Sternoptychidae,127309,22.9,0.2577
110,Sarmiento,5/6/21,21:33:00,Night,48.950748,-14.812915,48.960967,-14.928838,2,3,165,333,300,100,200,13316,Argyropelecus hemigymnus,Species,Sternoptychidae,127309,18.2,0.1391
111,Sarmiento,5/6/21,21:33:00,Night,48.950748,-14.812915,48.960967,-14.928838,2,3,166,333,300,100,200,13316,Argyropelecus hemigymnus,Species,Sternoptychidae,127309,20.4,0.1594
112,Sarmiento,5/6/21,21:33:00,Night,48.950748,-14.812915,48.960967,-14.928838,2,3,167,333,300,100,200,13316,Argyropelecus hemigymnus,Species,Sternoptychidae,127309,20.5,0.2164
113,Sarmiento,5/6/21,21:33:00,Night,48.950748,-14.812915,48.960967,-14.928838,2,3,168,333,300,100,200,13316,Argyropelecus hemigymnus,Species,Sternoptychidae,127309,17.6,0.1179
114,Sarmiento,5/6/21,21:33:00,Night,48.950748,-14.812915,48.960967,-14.928838,2,3,169,333,300,100,200,13316,Argyropelecus hemigymnus,Species,Sternoptychidae,127309,23.9,0.3145
115,Sarmiento,5/6/21,21:33:00,Night,48.950748,-14.812915,48.960967,-14.928838,2,3,170,333,300,100,200,13316,Argyropelecus hemigymnus,Species,Sternoptychidae,127309,16.1,0.0971
116,Sarmiento,5/6/21,21:33:00,Night,48.950748,-14.812915,48.960967,-14.928838,2,3,171,333,300,100,200,13316,Argyropelecus hemigymnus,Species,Sternoptychidae,127309,22.3,0.2275
117,Sarmiento,5/6/21,21:33:00,Night,48.950748,-14.812915,48.960967,-14.928838,2,3,172,333,300,100,200,13316,Argyropelecus hemigymnus,Species,Sternoptychidae,127309,23.2,0.268
118,Sarmiento,5/6/21,21:33:00,Night,48.950748,-14.812915,48.960967,-14.928838,2,2,173,333,500,300,200,12654,Argyropelecus hemigymnus,Species,Sternoptychidae,127309,29.6,0.4908
119,Sarmiento,5/6/21,21:33:00,Night,48.950748,-14.812915,48.960967,-14.928838,2,2,174,333,500,300,200,12654,Argyropelecus hemigymnus,Species,Sternoptychidae,127309,23,0.243
120,Sarmiento,5/6/21,21:33:00,Night,48.950748,-14.812915,48.960967,-14.928838,2,2,175,333,500,300,200,12654,Argyropelecus hemigymnus,Species,Sternoptychidae,127309,20.2,0.1783
121,Sarmiento,5/6/21,21:33:00,Night,48.950748,-14.812915,48.960967,-14.928838,2,2,176,333,500,300,200,12654,Argyropelecus hemigymnus,Species,Sternoptychidae,127309,20,0.179
122,Sarmiento,5/6/21,21:33:00,Night,48.950748,-14.812915,48.960967,-14.928838,2,2,177,333,500,300,200,12654,Argyropelecus hemigymnus,Species,Sternoptychidae,127309,27.5,0.4585
123,Sarmiento,5/6/21,21:33:00,Night,48.950748,-14.812915,48.960967,-14.928838,2,2,178,333,500,300,200,12654,Argyropelecus hemigymnus,Species,Sternoptychidae,127309,17.1,0.1077
124,Sarmiento,5/6/21,21:33:00,Night,48.950748,-14.812915,48.960967,-14.928838,2,2,179,333,500,300,200,12654,Argyropelecus hemigymnus,Species,Sternoptychidae,127309,24,0.3163
125,Sarmiento,5/6/21,21:33:00,Night,48.950748,-14.812915,48.960967,-14.928838,2,2,180,333,500,300,200,12654,Argyropelecus hemigymnus,Species,Sternoptychidae,127309,15.8,0.0968
126,Sarmiento,5/6/21,21:33:00,Night,48.950748,-14.812915,48.960967,-14.928838,2,2,181,333,500,300,200,12654,Argyropelecus hemigymnus,Species,Sternoptychidae,127309,23.3,0.2905
127,Sarmiento,5/6/21,21:33:00,Night,48.950748,-14.812915,48.960967,-14.928838,2,2,182,333,500,300,200,12654,Argyropelecus hemigymnus,Species,Sternoptychidae,127309,23.7,0.2733
128,Sarmiento,5/6/21,21:33:00,Night,48.950748,-14.812915,48.960967,-14.928838,2,2,183,333,500,300,200,12654,Argyropelecus hemigymnus,Species,Sternoptychidae,127309,18.8,0.1546
129,Sarmiento,5/6/21,21:33:00,Night,48.950748,-14.812915,48.960967,-14.928838,2,2,184,333,500,300,200,12654,Argyropelecus hemigymnus,Species,Sternoptychidae,127309,20.8,0.1979
130,Sarmiento,5/6/21,21:33:00,Night,48.950748,-14.812915,48.960967,-14.928838,2,0,185,333,0,1000,1000,21475,Argyropelecus hemigymnus,Species,Sternoptychidae,127309,21.2,0.2106
131,Sarmiento,5/6/21,21:33:00,Night,48.950748,-14.812915,48.960967,-14.928838,2,1,186,333,1000,500,500,23023,Scopelogadus,Genus,Melamphaidae,126184,165,46.1404
132,Sarmiento,5/6/21,21:33:00,Night,48.950748,-14.812915,48.960967,-14.928838,2,1,187,333,1000,500,500,23023,Nannobrachium,Genus,Myctophidae,158908,30.6,0.1439
133,Sarmiento,5/6/21,21:33:00,Night,48.950748,-14.812915,48.960967,-14.928838,2,1,188,333,1000,500,500,23023,Nannobrachium,Genus,Myctophidae,158908,32.1,0.1868
134,Sarmiento,5/6/21,21:33:00,Night,48.950748,-14.812915,48.960967,-14.928838,2,1,189,333,1000,500,500,23023,Benthosema glaciale,Species,Myctophidae,126580,23.4,0.1428
135,Sarmiento,5/6/21,21:33:00,Night,48.950748,-14.812915,48.960967,-14.928838,2,1,190,333,1000,500,500,23023,Benthosema glaciale,Species,Myctophidae,126580,20.9,0.1066
136,Sarmiento,5/6/21,21:33:00,Night,48.950748,-14.812915,48.960967,-14.928838,2,4,192,333,100,0,100,7943,Benthosema glaciale,Species,Myctophidae,126580,53.8,0.4745
137,Sarmiento,5/6/21,21:33:00,Night,48.950748,-14.812915,48.960967,-14.928838,2,0,193,333,0,1000,1000,21475,Benthosema glaciale,Species,Myctophidae,126580,38.2,0.5422
138,Sarmiento,5/6/21,21:33:00,Night,48.950748,-14.812915,48.960967,-14.928838,2,0,194,333,0,1000,1000,21475,Benthosema glaciale,Species,Myctophidae,126580,33.5,0.3987
139,Sarmiento,5/6/21,21:33:00,Night,48.950748,-14.812915,48.960967,-14.928838,2,0,195,333,0,1000,1000,21475,Benthosema glaciale,Species,Myctophidae,126580,25.8,0.2129
140,Sarmiento,5/6/21,21:33:00,Night,48.950748,-14.812915,48.960967,-14.928838,2,0,196,333,0,1000,1000,21475,Benthosema glaciale,Species,Myctophidae,126580,23.5,0.1685
141,Sarmiento,5/6/21,21:33:00,Night,48.950748,-14.812915,48.960967,-14.928838,2,0,197,333,0,1000,1000,21475,Benthosema glaciale,Species,Myctophidae,126580,22,0.1254
142,Sarmiento,5/6/21,21:33:00,Night,48.950748,-14.812915,48.960967,-14.928838,2,1,200,333,1000,500,500,23023,Cyclothone,Genus,Gonostomatidae,126187,34.9,0.1838
143,Sarmiento,5/6/21,21:33:00,Night,48.950748,-14.812915,48.960967,-14.928838,2,1,201,333,1000,500,500,23023,Cyclothone,Genus,Gonostomatidae,126187,32.9,0.192
144,Sarmiento,5/6/21,21:33:00,Night,48.950748,-14.812915,48.960967,-14.928838,2,1,202,333,1000,500,500,23023,Cyclothone,Genus,Gonostomatidae,126187,31,0.1832
145,Sarmiento,5/6/21,21:33:00,Night,48.950748,-14.812915,48.960967,-14.928838,2,1,203,333,1000,500,500,23023,Cyclothone,Genus,Gonostomatidae,126187,32.3,0.2059
146,Sarmiento,5/6/21,21:33:00,Night,48.950748,-14.812915,48.960967,-14.928838,2,1,204,333,1000,500,500,23023,Cyclothone,Genus,Gonostomatidae,126187,35.4,0.1925
147,Sarmiento,5/6/21,21:33:00,Night,48.950748,-14.812915,48.960967,-14.928838,2,1,205,333,1000,500,500,23023,Cyclothone,Genus,Gonostomatidae,126187,37.7,0.2403
148,Sarmiento,5/6/21,21:33:00,Night,48.950748,-14.812915,48.960967,-14.928838,2,1,206,333,1000,500,500,23023,Cyclothone,Genus,Gonostomatidae,126187,40.1,0.3098
149,Sarmiento,5/6/21,21:33:00,Night,48.950748,-14.812915,48.960967,-14.928838,2,1,207,333,1000,500,500,23023,Cyclothone,Genus,Gonostomatidae,126187,29.7,0.1224
150,Sarmiento,5/6/21,21:33:00,Night,48.950748,-14.812915,48.960967,-14.928838,2,1,208,333,1000,500,500,23023,Cyclothone,Genus,Gonostomatidae,126187,35.9,0.2165
151,Sarmiento,5/6/21,21:33:00,Night,48.950748,-14.812915,48.960967,-14.928838,2,1,209,333,1000,500,500,23023,Cyclothone,Genus,Gonostomatidae,126187,33.8,0.1689
152,Sarmiento,5/6/21,21:33:00,Night,48.950748,-14.812915,48.960967,-14.928838,2,1,210,333,1000,500,500,23023,Cyclothone,Genus,Gonostomatidae,126187,36.5,0.2249
153,Sarmiento,5/6/21,21:33:00,Night,48.950748,-14.812915,48.960967,-14.928838,2,1,211,333,1000,500,500,23023,Cyclothone,Genus,Gonostomatidae,126187,47.3,0.4994
154,Sarmiento,5/6/21,21:33:00,Night,48.950748,-14.812915,48.960967,-14.928838,2,4,212,333,100,0,100,7943,Benthosema glaciale,Species,Myctophidae,126580,37.7,0.6804
155,Sarmiento,5/6/21,21:33:00,Night,48.950748,-14.812915,48.960967,-14.928838,2,4,213,333,100,0,100,7943,Benthosema glaciale,Species,Myctophidae,126580,43.3,0.89
156,Sarmiento,5/6/21,21:33:00,Night,48.950748,-14.812915,48.960967,-14.928838,2,4,214,333,100,0,100,7943,Benthosema glaciale,Species,Myctophidae,126580,37.9,0.5735
157,Sarmiento,5/6/21,21:33:00,Night,48.950748,-14.812915,48.960967,-14.928838,2,4,215,333,100,0,100,7943,Benthosema glaciale,Species,Myctophidae,126580,36.6,0.5585
158,Sarmiento,5/6/21,21:33:00,Night,48.950748,-14.812915,48.960967,-14.928838,2,4,216,333,100,0,100,7943,Benthosema glaciale,Species,Myctophidae,126580,34.5,0.4988
159,Sarmiento,5/6/21,21:33:00,Night,48.950748,-14.812915,48.960967,-14.928838,2,4,217,333,100,0,100,7943,Benthosema glaciale,Species,Myctophidae,126580,31.9,0.4995
160,Sarmiento,5/6/21,21:33:00,Night,48.950748,-14.812915,48.960967,-14.928838,2,4,218,333,100,0,100,7943,Benthosema glaciale,Species,Myctophidae,126580,23.2,0.1628
161,Sarmiento,5/6/21,21:33:00,Night,48.950748,-14.812915,48.960967,-14.928838,2,4,219,333,100,0,100,7943,Benthosema glaciale,Species,Myctophidae,126580,30.4,0.3508
162,Sarmiento,5/6/21,21:33:00,Night,48.950748,-14.812915,48.960967,-14.928838,2,4,220,333,100,0,100,7943,Benthosema glaciale,Species,Myctophidae,126580,24.7,0.2021
163,Sarmiento,5/6/21,21:33:00,Night,48.950748,-14.812915,48.960967,-14.928838,2,4,221,333,100,0,100,7943,Benthosema glaciale,Species,Myctophidae,126580,25,0.2045
164,Sarmiento,5/6/21,21:33:00,Night,48.950748,-14.812915,48.960967,-14.928838,2,4,222,333,100,0,100,7943,Benthosema glaciale,Species,Myctophidae,126580,26.7,0.2052
165,Sarmiento,5/6/21,21:33:00,Night,48.950748,-14.812915,48.960967,-14.928838,2,4,223,333,100,0,100,7943,Benthosema glaciale,Species,Myctophidae,126580,33.3,0.4407
166,Sarmiento,5/6/21,21:33:00,Night,48.950748,-14.812915,48.960967,-14.928838,2,4,224,333,100,0,100,7943,Benthosema glaciale,Species,Myctophidae,126580,24.5,0.1755
167,Sarmiento,5/6/21,21:33:00,Night,48.950748,-14.812915,48.960967,-14.928838,2,4,225,333,100,0,100,7943,Benthosema glaciale,Species,Myctophidae,126580,22.8,0.1545
168,Sarmiento,5/6/21,21:33:00,Night,48.950748,-14.812915,48.960967,-14.928838,2,4,226,333,100,0,100,7943,Benthosema glaciale,Species,Myctophidae,126580,24.5,0.1748
169,Sarmiento,5/6/21,21:33:00,Night,48.950748,-14.812915,48.960967,-14.928838,2,4,227,333,100,0,100,7943,Benthosema glaciale,Species,Myctophidae,126580,23.8,0.1755
170,Sarmiento,5/6/21,21:33:00,Night,48.950748,-14.812915,48.960967,-14.928838,2,4,228,333,100,0,100,7943,Benthosema glaciale,Species,Myctophidae,126580,31,0.4062
171,Sarmiento,5/6/21,21:33:00,Night,48.950748,-14.812915,48.960967,-14.928838,2,4,229,333,100,0,100,7943,Benthosema glaciale,Species,Myctophidae,126580,21.1,0.1295
172,Sarmiento,5/6/21,21:33:00,Night,48.950748,-14.812915,48.960967,-14.928838,2,4,230,333,100,0,100,7943,Benthosema glaciale,Species,Myctophidae,126580,25.8,0.1913
173,Sarmiento,5/6/21,21:33:00,Night,48.950748,-14.812915,48.960967,-14.928838,2,4,231,333,100,0,100,7943,Benthosema glaciale,Species,Myctophidae,126580,31,0.3717
174,Sarmiento,5/6/21,21:33:00,Night,48.950748,-14.812915,48.960967,-14.928838,2,4,232,333,100,0,100,7943,Benthosema glaciale,Species,Myctophidae,126580,24.6,0.1899
175,Sarmiento,5/6/21,21:33:00,Night,48.950748,-14.812915,48.960967,-14.928838,2,4,233,333,100,0,100,7943,Benthosema glaciale,Species,Myctophidae,126580,22.9,0.1452
176,Sarmiento,5/6/21,21:33:00,Night,48.950748,-14.812915,48.960967,-14.928838,2,4,234,333,100,0,100,7943,Benthosema glaciale,Species,Myctophidae,126580,24,0.1728
177,Sarmiento,5/6/21,21:33:00,Night,48.950748,-14.812915,48.960967,-14.928838,2,4,235,333,100,0,100,7943,Benthosema glaciale,Species,Myctophidae,126580,24.1,0.1711
178,Sarmiento,5/6/21,21:33:00,Night,48.950748,-14.812915,48.960967,-14.928838,2,4,236,333,100,0,100,7943,Benthosema glaciale,Species,Myctophidae,126580,24.7,0.1948
179,Sarmiento,5/6/21,21:33:00,Night,48.950748,-14.812915,48.960967,-14.928838,2,4,237,333,100,0,100,7943,Benthosema glaciale,Species,Myctophidae,126580,25.8,0.204
180,Sarmiento,5/6/21,21:33:00,Night,48.950748,-14.812915,48.960967,-14.928838,2,4,238,333,100,0,100,7943,Benthosema glaciale,Species,Myctophidae,126580,23.8,0.1678
181,Sarmiento,5/6/21,21:33:00,Night,48.950748,-14.812915,48.960967,-14.928838,2,4,239,333,100,0,100,7943,Benthosema glaciale,Species,Myctophidae,126580,24,0.1724
182,Sarmiento,5/6/21,21:33:00,Night,48.950748,-14.812915,48.960967,-14.928838,2,4,240,333,100,0,100,7943,Benthosema glaciale,Species,Myctophidae,126580,24,0.1798
183,Sarmiento,5/6/21,21:33:00,Night,48.950748,-14.812915,48.960967,-14.928838,2,4,241,333,100,0,100,7943,Benthosema glaciale,Species,Myctophidae,126580,25.3,0.2135
184,Sarmiento,5/6/21,21:33:00,Night,48.950748,-14.812915,48.960967,-14.928838,2,4,242,333,100,0,100,7943,Benthosema glaciale,Species,Myctophidae,126580,22.4,0.1614
185,Sarmiento,5/6/21,21:33:00,Night,48.950748,-14.812915,48.960967,-14.928838,2,4,243,333,100,0,100,7943,Benthosema glaciale,Species,Myctophidae,126580,24.7,0.1805
186,Sarmiento,5/6/21,21:33:00,Night,48.950748,-14.812915,48.960967,-14.928838,2,1,244,333,1000,500,500,23023,Xenodermichthys copei,Species,Alepocephalidae,126714,41.9,0.5291
187,Sarmiento,5/6/21,21:33:00,Night,48.950748,-14.812915,48.960967,-14.928838,2,1,245,333,1000,500,500,23023,Xenodermichthys copei,Species,Alepocephalidae,126714,58.2,1.4328
188,Sarmiento,5/6/21,21:33:00,Night,48.950748,-14.812915,48.960967,-14.928838,2,1,246,333,1000,500,500,23023,Xenodermichthys copei,Species,Alepocephalidae,126714,46.4,0.8161
189,Sarmiento,5/6/21,21:33:00,Night,48.950748,-14.812915,48.960967,-14.928838,2,1,247,333,1000,500,500,23023,Xenodermichthys copei,Species,Alepocephalidae,126714,44.4,0.677
190,Sarmiento,5/13/21,2:18:00,Night,49.117264,-14.734732,49.027761,-14.771244,4,1,248,333,1000,500,500,33382,Xenodermichthys copei,Species,Alepocephalidae,126714,61.3,1.932
191,Sarmiento,5/13/21,2:18:00,Night,49.117264,-14.734732,49.027761,-14.771244,4,1,249,333,1000,500,500,33382,Xenodermichthys copei,Species,Alepocephalidae,126714,52.8,1.212
192,Sarmiento,5/13/21,2:18:00,Night,49.117264,-14.734732,49.027761,-14.771244,4,4,251,333,100,0,100,7325,Argyropelecus hemigymnus,Species,Sternoptychidae,127309,27.1,0.4404
193,Sarmiento,5/13/21,2:18:00,Night,49.117264,-14.734732,49.027761,-14.771244,4,4,252,333,100,0,100,7325,Argyropelecus hemigymnus,Species,Sternoptychidae,127309,25.5,0.3666
194,Sarmiento,5/6/21,21:33:00,Night,48.950748,-14.812915,48.960967,-14.928838,2,0,257,333,0,1000,1000,21475,Cyclothone,Genus,Gonostomatidae,126187,37.6,0.2048
195,Sarmiento,5/6/21,21:33:00,Night,48.950748,-14.812915,48.960967,-14.928838,2,0,258,333,0,1000,1000,21475,Cyclothone,Genus,Gonostomatidae,126187,32.2,0.1882
196,Sarmiento,5/6/21,21:33:00,Night,48.950748,-14.812915,48.960967,-14.928838,2,0,259,333,0,1000,1000,21475,Cyclothone,Genus,Gonostomatidae,126187,33.4,0.2536
197,Sarmiento,5/6/21,21:33:00,Night,48.950748,-14.812915,48.960967,-14.928838,2,0,260,333,0,1000,1000,21475,Cyclothone,Genus,Gonostomatidae,126187,38,0.21
198,Sarmiento,5/6/21,21:33:00,Night,48.950748,-14.812915,48.960967,-14.928838,2,0,261,333,0,1000,1000,21475,Cyclothone,Genus,Gonostomatidae,126187,31.8,0.1901
199,Sarmiento,5/6/21,21:33:00,Night,48.950748,-14.812915,48.960967,-14.928838,2,0,262,333,0,1000,1000,21475,Cyclothone,Genus,Gonostomatidae,126187,35.6,0.2123
200,Sarmiento,5/6/21,21:33:00,Night,48.950748,-14.812915,48.960967,-14.928838,2,0,263,333,0,1000,1000,21475,Cyclothone,Genus,Gonostomatidae,126187,33.5,0.1871
201,Sarmiento,5/6/21,21:33:00,Night,48.950748,-14.812915,48.960967,-14.928838,2,0,264,333,0,1000,1000,21475,Scopelogadus,Genus,Melamphaidae,126184,55.5,3.6651
202,Sarmiento,5/13/21,2:18:00,Night,49.117264,-14.734732,49.027761,-14.771244,4,0,265,333,0,1000,1000,23915,Cyclothone,Genus,Gonostomatidae,126187,42.1,0.4626
203,Sarmiento,5/14/21,0:18:00,Night,48.972416,-14.708406,48.91968,-14.79558,6,3,267,333,300,100,200,10612,Argyropelecus hemigymnus,Species,Sternoptychidae,127309,24.1,0.3457
204,Sarmiento,5/14/21,0:18:00,Night,48.972416,-14.708406,48.91968,-14.79558,6,1,269,333,1000,500,500,25437,Xenodermichthys copei,Species,Alepocephalidae,126714,51,1.0914
205,Sarmiento,5/14/21,0:18:00,Night,48.972416,-14.708406,48.91968,-14.79558,6,1,271,333,1000,500,500,25437,Cyclothone,Genus,Gonostomatidae,126187,27.5,0.0989
206,Sarmiento,5/14/21,0:18:00,Night,48.972416,-14.708406,48.91968,-14.79558,6,1,272,333,1000,500,500,25437,Cyclothone,Genus,Gonostomatidae,126187,33.6,0.2079
207,Sarmiento,5/14/21,0:18:00,Night,48.972416,-14.708406,48.91968,-14.79558,6,1,273,333,1000,500,500,25437,Cyclothone,Genus,Gonostomatidae,126187,40.9,0.3635
208,Sarmiento,5/14/21,0:18:00,Night,48.972416,-14.708406,48.91968,-14.79558,6,1,274,333,1000,500,500,25437,Scopelogadus beanii,Species,Melamphaidae,127278,114.1,37.8125
209,Sarmiento,5/7/21,10:49:00,Day,48.933708,-14.935774,48.905158,-14.919339,3,0,275,333,0,500,500,9500,Argyropelecus hemigymnus,Species,Sternoptychidae,127309,22.3,0.1956
210,Sarmiento,5/7/21,10:49:00,Day,48.933708,-14.935774,48.905158,-14.919339,3,0,276,333,0,500,500,9500,Argyropelecus,Genus,Sternoptychidae,126196,17.1,0.1763
211,Sarmiento,5/7/21,10:49:00,Day,48.933708,-14.935774,48.905158,-14.919339,3,0,277,333,0,500,500,9500,Argyropelecus,Genus,Sternoptychidae,126196,17.4,0.1895
212,Sarmiento,5/7/21,10:49:00,Day,48.933708,-14.935774,48.905158,-14.919339,3,0,278,333,0,500,500,9500,Argyropelecus,Genus,Sternoptychidae,126196,11.1,0.0326
213,Sarmiento,5/7/21,10:49:00,Day,48.933708,-14.935774,48.905158,-14.919339,3,2,279,333,300,100,200,17010,Argyropelecus hemigymnus,Species,Sternoptychidae,127309,18.8,0.1532
214,Sarmiento,5/7/21,10:49:00,Day,48.933708,-14.935774,48.905158,-14.919339,3,1,280,333,500,300,200,6152,Argyropelecus,Genus,Sternoptychidae,126196,29,0.8252
215,Sarmiento,5/7/21,10:49:00,Day,48.933708,-14.935774,48.905158,-14.919339,3,1,281,333,500,300,200,6152,Argyropelecus,Genus,Sternoptychidae,126196,17,0.138
216,Sarmiento,5/7/21,10:49:00,Day,48.933708,-14.935774,48.905158,-14.919339,3,1,282,333,500,300,200,6152,Argyropelecus hemigymnus,Species,Sternoptychidae,127309,20,0.2086
217,Sarmiento,5/7/21,10:49:00,Day,48.933708,-14.935774,48.905158,-14.919339,3,1,283,333,500,300,200,6152,Argyropelecus hemigymnus,Species,Sternoptychidae,127309,14.8,0.0808
218,Sarmiento,5/7/21,10:49:00,Day,48.933708,-14.935774,48.905158,-14.919339,3,1,284,333,500,300,200,6152,Argyropelecus hemigymnus,Species,Sternoptychidae,127309,22.2,0.2792
219,Sarmiento,5/7/21,10:49:00,Day,48.933708,-14.935774,48.905158,-14.919339,3,1,285,333,500,300,200,6152,Argyropelecus hemigymnus,Species,Sternoptychidae,127309,21.8,0.2251
220,Sarmiento,5/7/21,10:49:00,Day,48.933708,-14.935774,48.905158,-14.919339,3,1,286,333,500,300,200,6152,Cyclothone,Genus,Gonostomatidae,126187,31.7,0.1406
221,Sarmiento,5/7/21,10:49:00,Day,48.933708,-14.935774,48.905158,-14.919339,3,1,287,333,500,300,200,6152,Cyclothone,Genus,Gonostomatidae,126187,41.6,0.2352
222,Sarmiento,5/7/21,10:49:00,Day,48.933708,-14.935774,48.905158,-14.919339,3,1,288,333,500,300,200,6152,Cyclothone,Genus,Gonostomatidae,126187,35.6,0.2313
223,Sarmiento,5/7/21,10:49:00,Day,48.933708,-14.935774,48.905158,-14.919339,3,1,289,333,500,300,200,6152,Benthosema glaciale,Species,Myctophidae,126580,22.2,0.1405
224,Sarmiento,5/7/21,10:49:00,Day,48.933708,-14.935774,48.905158,-14.919339,3,1,290,333,500,300,200,6152,Benthosema glaciale,Species,Myctophidae,126580,24,0.1513
225,Sarmiento,5/13/21,2:18:00,Night,49.117264,-14.734732,49.027761,-14.771244,4,0,291,333,0,1000,1000,23915,Argyropelecus,Genus,Sternoptychidae,126196,83,15.3868
226,Sarmiento,5/13/21,2:18:00,Night,49.117264,-14.734732,49.027761,-14.771244,4,0,292,333,0,1000,1000,23915,Argyropelecus hemigymnus,Species,Sternoptychidae,127309,26,0.3466
227,Sarmiento,5/13/21,2:18:00,Night,49.117264,-14.734732,49.027761,-14.771244,4,0,293,333,0,1000,1000,23915,Argyropelecus hemigymnus,Species,Sternoptychidae,127309,19.2,0.1934
228,Sarmiento,5/13/21,2:18:00,Night,49.117264,-14.734732,49.027761,-14.771244,4,0,294,333,0,1000,1000,23915,Argyropelecus hemigymnus,Species,Sternoptychidae,127309,24.2,0.3083
229,Sarmiento,5/13/21,2:18:00,Night,49.117264,-14.734732,49.027761,-14.771244,4,0,295,333,0,1000,1000,23915,Argyropelecus hemigymnus,Species,Sternoptychidae,127309,18.8,0.1558
230,Sarmiento,5/13/21,2:18:00,Night,49.117264,-14.734732,49.027761,-14.771244,4,0,296,333,0,1000,1000,23915,Argyropelecus hemigymnus,Species,Sternoptychidae,127309,21.9,0.2256
231,Sarmiento,5/13/21,2:18:00,Night,49.117264,-14.734732,49.027761,-14.771244,4,0,297,333,0,1000,1000,23915,Argyropelecus hemigymnus,Species,Sternoptychidae,127309,19.5,0.175
232,Sarmiento,5/13/21,2:18:00,Night,49.117264,-14.734732,49.027761,-14.771244,4,2,298,333,500,300,200,11623,Myctophidae,Family,Myctophidae,125498,24.2,0.1913
233,Sarmiento,5/13/21,2:18:00,Night,49.117264,-14.734732,49.027761,-14.771244,4,2,299,333,500,300,200,11623,Cyclothone microdon,Species,Gonostomatidae,127286,45.1,0.4276
234,Sarmiento,5/13/21,2:18:00,Night,49.117264,-14.734732,49.027761,-14.771244,4,2,300,333,500,300,200,11623,Cyclothone braueri,Species,Gonostomatidae,127284,53.3,0.8999
235,Sarmiento,5/13/21,2:18:00,Night,49.117264,-14.734732,49.027761,-14.771244,4,0,301,333,0,1000,1000,23915,Benthosema glaciale,Species,Myctophidae,126580,26.6,0.2434
236,Sarmiento,5/13/21,2:18:00,Night,49.117264,-14.734732,49.027761,-14.771244,4,0,302,333,0,1000,1000,23915,Benthosema glaciale,Species,Myctophidae,126580,24.8,0.1899
237,Sarmiento,5/13/21,2:18:00,Night,49.117264,-14.734732,49.027761,-14.771244,4,0,303,333,0,1000,1000,23915,Benthosema glaciale,Species,Myctophidae,126580,25,0.1947
238,Sarmiento,5/13/21,2:18:00,Night,49.117264,-14.734732,49.027761,-14.771244,4,0,304,333,0,1000,1000,23915,Benthosema glaciale,Species,Myctophidae,126580,26.1,0.2395
239,Sarmiento,5/13/21,2:18:00,Night,49.117264,-14.734732,49.027761,-14.771244,4,0,305,333,0,1000,1000,23915,Benthosema glaciale,Species,Myctophidae,126580,24.4,0.2709
240,Sarmiento,5/13/21,2:18:00,Night,49.117264,-14.734732,49.027761,-14.771244,4,0,306,333,0,1000,1000,23915,Benthosema glaciale,Species,Myctophidae,126580,26.3,0.2596
241,Sarmiento,5/13/21,2:18:00,Night,49.117264,-14.734732,49.027761,-14.771244,4,0,307,333,0,1000,1000,23915,Benthosema glaciale,Species,Myctophidae,126580,23.7,0.2016
242,Sarmiento,5/13/21,2:18:00,Night,49.117264,-14.734732,49.027761,-14.771244,4,0,308,333,0,1000,1000,23915,Benthosema glaciale,Species,Myctophidae,126580,34.8,0.5607
243,Sarmiento,5/13/21,2:18:00,Night,49.117264,-14.734732,49.027761,-14.771244,4,0,309,333,0,1000,1000,23915,Benthosema glaciale,Species,Myctophidae,126580,34.3,0.5452
244,Sarmiento,5/13/21,2:18:00,Night,49.117264,-14.734732,49.027761,-14.771244,4,0,310,333,0,1000,1000,23915,Benthosema glaciale,Species,Myctophidae,126580,35.6,0.6199
245,Sarmiento,5/13/21,2:18:00,Night,49.117264,-14.734732,49.027761,-14.771244,4,0,311,333,0,1000,1000,23915,Benthosema glaciale,Species,Myctophidae,126580,32.7,0.5501
246,Sarmiento,5/13/21,2:18:00,Night,49.117264,-14.734732,49.027761,-14.771244,4,0,312,333,0,1000,1000,23915,Benthosema glaciale,Species,Myctophidae,126580,26,0.263
247,Sarmiento,5/13/21,2:18:00,Night,49.117264,-14.734732,49.027761,-14.771244,4,0,313,333,0,1000,1000,23915,Benthosema glaciale,Species,Myctophidae,126580,38.3,0.7975
248,Sarmiento,5/13/21,2:18:00,Night,49.117264,-14.734732,49.027761,-14.771244,4,0,314,333,0,1000,1000,23915,Benthosema glaciale,Species,Myctophidae,126580,36.2,0.6317
249,Sarmiento,5/13/21,2:18:00,Night,49.117264,-14.734732,49.027761,-14.771244,4,0,315,333,0,1000,1000,23915,Benthosema glaciale,Species,Myctophidae,126580,36.6,0.6446
250,Sarmiento,5/13/21,2:18:00,Night,49.117264,-14.734732,49.027761,-14.771244,4,0,316,333,0,1000,1000,23915,Benthosema glaciale,Species,Myctophidae,126580,40.7,0.9021
251,Sarmiento,5/13/21,2:18:00,Night,49.117264,-14.734732,49.027761,-14.771244,4,0,317,333,0,1000,1000,23915,Benthosema glaciale,Species,Myctophidae,126580,35.8,0.6408
252,Sarmiento,5/13/21,2:18:00,Night,49.117264,-14.734732,49.027761,-14.771244,4,0,318,333,0,1000,1000,23915,Benthosema glaciale,Species,Myctophidae,126580,34.1,0.5744
253,Sarmiento,5/13/21,2:18:00,Night,49.117264,-14.734732,49.027761,-14.771244,4,0,319,333,0,1000,1000,23915,Benthosema glaciale,Species,Myctophidae,126580,35.6,0.6179
254,Sarmiento,5/13/21,2:18:00,Night,49.117264,-14.734732,49.027761,-14.771244,4,0,320,333,0,1000,1000,23915,Benthosema glaciale,Species,Myctophidae,126580,35.1,0.5502
255,Sarmiento,5/13/21,2:18:00,Night,49.117264,-14.734732,49.027761,-14.771244,4,0,321,333,0,1000,1000,23915,Lampanyctus macdonaldi,Species,Myctophidae,126617,34,0.2268
256,Sarmiento,5/13/21,2:18:00,Night,49.117264,-14.734732,49.027761,-14.771244,4,0,322,333,0,1000,1000,23915,Lampanyctus macdonaldi,Species,Myctophidae,126617,29.6,0.1629
257,Sarmiento,5/13/21,2:18:00,Night,49.117264,-14.734732,49.027761,-14.771244,4,1,323,333,1000,500,500,33382,Lampanyctus macdonaldi,Species,Myctophidae,126617,32.4,0.179
258,Sarmiento,5/13/21,2:18:00,Night,49.117264,-14.734732,49.027761,-14.771244,4,1,324,333,1000,500,500,33382,Lampanyctus macdonaldi,Species,Myctophidae,126617,31.3,0.2363
259,Sarmiento,5/13/21,2:18:00,Night,49.117264,-14.734732,49.027761,-14.771244,4,3,325,333,300,100,200,11011,Benthosema glaciale,Species,Myctophidae,126580,24.2,0.1774
260,Sarmiento,5/13/21,2:18:00,Night,49.117264,-14.734732,49.027761,-14.771244,4,3,326,333,300,100,200,11011,Argyropelecus hemigymnus,Species,Sternoptychidae,127309,31.1,0.8264
261,Sarmiento,5/13/21,2:18:00,Night,49.117264,-14.734732,49.027761,-14.771244,4,2,327,333,500,300,200,11623,Argyropelecus hemigymnus,Species,Sternoptychidae,127309,24.2,0.3003
262,Sarmiento,5/13/21,2:18:00,Night,49.117264,-14.734732,49.027761,-14.771244,4,2,328,333,500,300,200,11623,Argyropelecus hemigymnus,Species,Sternoptychidae,127309,23.7,0.3373
263,Sarmiento,5/13/21,2:18:00,Night,49.117264,-14.734732,49.027761,-14.771244,4,2,329,333,500,300,200,11623,Argyropelecus hemigymnus,Species,Sternoptychidae,127309,29.7,0.718
264,Sarmiento,5/13/21,2:18:00,Night,49.117264,-14.734732,49.027761,-14.771244,4,2,330,333,500,300,200,11623,Argyropelecus hemigymnus,Species,Sternoptychidae,127309,29.4,0.6738
265,Sarmiento,5/13/21,2:18:00,Night,49.117264,-14.734732,49.027761,-14.771244,4,2,331,333,500,300,200,11623,Argyropelecus hemigymnus,Species,Sternoptychidae,127309,27.4,0.4871
266,Sarmiento,5/13/21,2:18:00,Night,49.117264,-14.734732,49.027761,-14.771244,4,2,332,333,500,300,200,11623,Argyropelecus hemigymnus,Species,Sternoptychidae,127309,25,0.3908
267,Sarmiento,5/13/21,2:18:00,Night,49.117264,-14.734732,49.027761,-14.771244,4,2,333,333,500,300,200,11623,Argyropelecus hemigymnus,Species,Sternoptychidae,127309,21.2,0.1989
268,Sarmiento,5/13/21,2:18:00,Night,49.117264,-14.734732,49.027761,-14.771244,4,2,334,333,500,300,200,11623,Argyropelecus hemigymnus,Species,Sternoptychidae,127309,14.6,0.0787
269,Sarmiento,5/13/21,2:18:00,Night,49.117264,-14.734732,49.027761,-14.771244,4,2,335,333,500,300,200,11623,Argyropelecus lychnus,Species,Sternoptychidae,158836,14.5,0.08
270,Sarmiento,5/13/21,2:18:00,Night,49.117264,-14.734732,49.027761,-14.771244,4,1,336,333,1000,500,500,33382,Cyclothone microdon,Species,Gonostomatidae,127286,31,0.1652
271,Sarmiento,5/13/21,2:18:00,Night,49.117264,-14.734732,49.027761,-14.771244,4,1,337,333,1000,500,500,33382,Cyclothone microdon,Species,Gonostomatidae,127286,37,0.2099
272,Sarmiento,5/13/21,2:18:00,Night,49.117264,-14.734732,49.027761,-14.771244,4,1,338,333,1000,500,500,33382,Cyclothone,Genus,Gonostomatidae,126187,32,0.155
273,Sarmiento,5/13/21,2:18:00,Night,49.117264,-14.734732,49.027761,-14.771244,4,1,339,333,1000,500,500,33382,Cyclothone,Genus,Gonostomatidae,126187,31,0.1526
274,Sarmiento,5/13/21,2:18:00,Night,49.117264,-14.734732,49.027761,-14.771244,4,1,340,333,1000,500,500,33382,Cyclothone,Genus,Gonostomatidae,126187,34,0.1598
275,Sarmiento,5/13/21,2:18:00,Night,49.117264,-14.734732,49.027761,-14.771244,4,1,341,333,1000,500,500,33382,Cyclothone,Genus,Gonostomatidae,126187,32,0.1437
276,Sarmiento,5/13/21,2:18:00,Night,49.117264,-14.734732,49.027761,-14.771244,4,1,342,333,1000,500,500,33382,Cyclothone,Genus,Gonostomatidae,126187,30.9,0.1495
277,Sarmiento,5/13/21,2:18:00,Night,49.117264,-14.734732,49.027761,-14.771244,4,1,343,333,1000,500,500,33382,Cyclothone,Genus,Gonostomatidae,126187,32,0.1615
278,Sarmiento,5/13/21,2:18:00,Night,49.117264,-14.734732,49.027761,-14.771244,4,1,344,333,1000,500,500,33382,Cyclothone,Genus,Gonostomatidae,126187,33,0.2129
279,Sarmiento,5/13/21,2:18:00,Night,49.117264,-14.734732,49.027761,-14.771244,4,1,345,333,1000,500,500,33382,Cyclothone microdon,Genus,Gonostomatidae,127286,32.3,0.1576
280,Sarmiento,5/13/21,2:18:00,Night,49.117264,-14.734732,49.027761,-14.771244,4,1,346,333,1000,500,500,33382,Cyclothone microdon,Species,Gonostomatidae,127286,31.2,0.1598
281,Sarmiento,5/13/21,2:18:00,Night,49.117264,-14.734732,49.027761,-14.771244,4,1,347,333,1000,500,500,33382,Cyclothone,Genus,Gonostomatidae,126187,36,0.2496
282,Sarmiento,5/13/21,2:18:00,Night,49.117264,-14.734732,49.027761,-14.771244,4,1,348,333,1000,500,500,33382,Cyclothone,Genus,Gonostomatidae,126187,35,0.2193
283,Sarmiento,5/13/21,2:18:00,Night,49.117264,-14.734732,49.027761,-14.771244,4,1,349,333,1000,500,500,33382,Cyclothone microdon,Species,Gonostomatidae,127286,29,0.1078
284,Sarmiento,5/13/21,2:18:00,Night,49.117264,-14.734732,49.027761,-14.771244,4,1,350,333,1000,500,500,33382,Cyclothone microdon,Species,Gonostomatidae,127286,34,0.232
285,Sarmiento,5/13/21,2:18:00,Night,49.117264,-14.734732,49.027761,-14.771244,4,1,351,333,1000,500,500,33382,Cyclothone microdon,Species,Gonostomatidae,127286,69,1.5694
286,Sarmiento,5/13/21,2:18:00,Night,49.117264,-14.734732,49.027761,-14.771244,4,1,352,333,1000,500,500,33382,Lampanyctus macdonaldi,Species,Myctophidae,126617,31,0.1739
287,Sarmiento,5/13/21,2:18:00,Night,49.117264,-14.734732,49.027761,-14.771244,4,1,353,333,1000,500,500,33382,Lampanyctus macdonaldi,Species,Myctophidae,126617,35.3,0.2937
288,Sarmiento,5/13/21,2:18:00,Night,49.117264,-14.734732,49.027761,-14.771244,4,1,354,333,1000,500,500,33382,Lampanyctus macdonaldi,Species,Myctophidae,126617,26.3,0.1028
289,Sarmiento,5/13/21,2:18:00,Night,49.117264,-14.734732,49.027761,-14.771244,4,0,355,333,0,1000,1000,23915,Cyclothone microdon,Species,Gonostomatidae,127286,45,0.3926
290,Sarmiento,5/13/21,2:18:00,Night,49.117264,-14.734732,49.027761,-14.771244,4,0,356,333,0,1000,1000,23915,Cyclothone microdon,Species,Gonostomatidae,127286,33,0.192
291,Sarmiento,5/13/21,2:18:00,Night,49.117264,-14.734732,49.027761,-14.771244,4,0,357,333,0,1000,1000,23915,Cyclothone microdon,Species,Gonostomatidae,127286,34,0.1826
292,Sarmiento,5/13/21,2:18:00,Night,49.117264,-14.734732,49.027761,-14.771244,4,0,358,333,0,1000,1000,23915,Cyclothone,Genus,Gonostomatidae,126187,32,0.1997
293,Sarmiento,5/13/21,2:18:00,Night,49.117264,-14.734732,49.027761,-14.771244,4,0,359,333,0,1000,1000,23915,Cyclothone,Genus,Gonostomatidae,126187,31,0.1448
294,Sarmiento,5/13/21,2:18:00,Night,49.117264,-14.734732,49.027761,-14.771244,4,0,360,333,0,1000,1000,23915,Cyclothone microdon,Species,Gonostomatidae,127286,46,0.5449
295,Sarmiento,5/13/21,2:18:00,Night,49.117264,-14.734732,49.027761,-14.771244,4,0,361,333,0,1000,1000,23915,Cyclothone microdon,Species,Gonostomatidae,127286,38,0.2276
296,Sarmiento,5/13/21,2:18:00,Night,49.117264,-14.734732,49.027761,-14.771244,4,0,362,333,0,1000,1000,23915,Cyclothone microdon,Species,Gonostomatidae,127286,32,0.1674
297,Sarmiento,5/13/21,2:18:00,Night,49.117264,-14.734732,49.027761,-14.771244,4,0,363,333,0,1000,1000,23915,Cyclothone,Genus,Gonostomatidae,126187,32,0.2153
298,Sarmiento,5/13/21,2:18:00,Night,49.117264,-14.734732,49.027761,-14.771244,4,0,364,333,0,1000,1000,23915,Cyclothone,Genus,Gonostomatidae,126187,41,0.3028
299,Sarmiento,5/13/21,2:18:00,Night,49.117264,-14.734732,49.027761,-14.771244,4,0,365,333,0,1000,1000,23915,Cyclothone,Genus,Gonostomatidae,126187,36,0.2448
300,Sarmiento,5/13/21,2:18:00,Night,49.117264,-14.734732,49.027761,-14.771244,4,0,366,333,0,1000,1000,23915,Cyclothone,Genus,Gonostomatidae,126187,31,0.1832
301,Sarmiento,5/13/21,2:18:00,Night,49.117264,-14.734732,49.027761,-14.771244,4,0,367,333,0,1000,1000,23915,Cyclothone,Genus,Gonostomatidae,126187,31,0.159
302,Sarmiento,5/13/21,2:18:00,Night,49.117264,-14.734732,49.027761,-14.771244,4,0,368,333,0,1000,1000,23915,Cyclothone,Genus,Gonostomatidae,126187,31,0.1608
303,Sarmiento,5/13/21,2:18:00,Night,49.117264,-14.734732,49.027761,-14.771244,4,0,369,333,0,1000,1000,23915,Cyclothone,Genus,Gonostomatidae,126187,32,0.1691
304,Sarmiento,5/13/21,2:18:00,Night,49.117264,-14.734732,49.027761,-14.771244,4,0,370,333,0,1000,1000,23915,Cyclothone,Genus,Gonostomatidae,126187,30,0.1458
305,Sarmiento,5/13/21,2:18:00,Night,49.117264,-14.734732,49.027761,-14.771244,4,0,371,333,0,1000,1000,23915,Cyclothone,Genus,Gonostomatidae,126187,33,0.2013
306,Sarmiento,5/13/21,2:18:00,Night,49.117264,-14.734732,49.027761,-14.771244,4,0,372,333,0,1000,1000,23915,Cyclothone,Genus,Gonostomatidae,126187,28,0.147
307,Sarmiento,5/13/21,2:18:00,Night,49.117264,-14.734732,49.027761,-14.771244,4,0,373,333,0,1000,1000,23915,Cyclothone,Genus,Gonostomatidae,126187,35,0.1843
308,Sarmiento,5/13/21,15:30:00,Day,49.111649,-14.747449,49.149111,-14.685163,5,2,375,333,500,300,200,9588,Argyropelecus lychnus,Species,Sternoptychidae,158836,15.8,0.0959
309,Sarmiento,5/13/21,15:30:00,Day,49.111649,-14.747449,49.149111,-14.685163,5,2,376,333,500,300,200,9588,Argyropelecus hemigymnus,Species,Sternoptychidae,127309,20.1,0.2102
310,Sarmiento,5/13/21,15:30:00,Day,49.111649,-14.747449,49.149111,-14.685163,5,2,377,333,500,300,200,9588,Argyropelecus hemigymnus,Species,Sternoptychidae,127309,17,0.1147
311,Sarmiento,5/13/21,15:30:00,Day,49.111649,-14.747449,49.149111,-14.685163,5,2,378,333,500,300,200,9588,Argyropelecus hemigymnus,Species,Sternoptychidae,127309,23,0.3179
312,Sarmiento,5/13/21,15:30:00,Day,49.111649,-14.747449,49.149111,-14.685163,5,2,379,333,500,300,200,9588,Argyropelecus hemigymnus,Species,Sternoptychidae,127309,20,0.13
313,Sarmiento,5/13/21,15:30:00,Day,49.111649,-14.747449,49.149111,-14.685163,5,2,380,333,500,300,200,9588,Argyropelecus hemigymnus,Species,Sternoptychidae,127309,22,0.2254
314,Sarmiento,5/13/21,15:30:00,Day,49.111649,-14.747449,49.149111,-14.685163,5,2,381,333,500,300,200,9588,Argyropelecus hemigymnus,Species,Sternoptychidae,127309,19,0.1271
315,Sarmiento,5/13/21,15:30:00,Day,49.111649,-14.747449,49.149111,-14.685163,5,2,382,333,500,300,200,9588,Argyropelecus hemigymnus,Species,Sternoptychidae,127309,23,0.1943
316,Sarmiento,5/13/21,15:30:00,Day,49.111649,-14.747449,49.149111,-14.685163,5,2,383,333,500,300,200,9588,Argyropelecus hemigymnus,Species,Sternoptychidae,127309,19.3,0.1471
317,Sarmiento,5/13/21,15:30:00,Day,49.111649,-14.747449,49.149111,-14.685163,5,2,384,333,500,300,200,9588,Argyropelecus hemigymnus,Species,Sternoptychidae,127309,16.6,0.0855
318,Sarmiento,5/13/21,15:30:00,Day,49.111649,-14.747449,49.149111,-14.685163,5,2,385,333,500,300,200,9588,Argyropelecus hemigymnus,Species,Sternoptychidae,127309,22.1,0.2046
319,Sarmiento,5/13/21,15:30:00,Day,49.111649,-14.747449,49.149111,-14.685163,5,2,386,333,500,300,200,9588,Argyropelecus hemigymnus,Species,Sternoptychidae,127309,16.2,0.0956
320,Sarmiento,5/13/21,15:30:00,Day,49.111649,-14.747449,49.149111,-14.685163,5,2,390,333,500,300,200,9588,Protomyctophum arcticum,Species,Myctophidae,158917,32.1,0.4838
321,Sarmiento,5/13/21,15:30:00,Day,49.111649,-14.747449,49.149111,-14.685163,5,1,391,333,1000,500,500,20594,Cyclothone,Genus,Gonostomatidae,126187,33,0.1913
322,Sarmiento,5/13/21,15:30:00,Day,49.111649,-14.747449,49.149111,-14.685163,5,1,392,333,1000,500,500,20594,Cyclothone,Genus,Gonostomatidae,126187,32,0.171
323,Sarmiento,5/13/21,15:30:00,Day,49.111649,-14.747449,49.149111,-14.685163,5,1,393,333,1000,500,500,20594,Cyclothone microdon,Species,Gonostomatidae,127286,38.5,0.254
324,Sarmiento,5/13/21,15:30:00,Day,49.111649,-14.747449,49.149111,-14.685163,5,1,394,333,1000,500,500,20594,Cyclothone microdon,Species,Gonostomatidae,127286,55.8,0.8007
325,Sarmiento,5/13/21,15:30:00,Day,49.111649,-14.747449,49.149111,-14.685163,5,1,395,333,1000,500,500,20594,Cyclothone,Genus,Gonostomatidae,126187,27.8,0.0864
326,Sarmiento,5/13/21,15:30:00,Day,49.111649,-14.747449,49.149111,-14.685163,5,1,397,333,1000,500,500,20594,Lampanyctus,Genus,Myctophidae,125825,33.3,0.1862
327,Sarmiento,5/13/21,15:30:00,Day,49.111649,-14.747449,49.149111,-14.685163,5,0,398,333,0,1000,1000,14518,Argyropelecus hemigymnus,Species,Sternoptychidae,127309,18,0.1458
328,Sarmiento,5/13/21,15:30:00,Day,49.111649,-14.747449,49.149111,-14.685163,5,0,399,333,0,1000,1000,14518,Argyropelecus hemigymnus,Species,Sternoptychidae,127309,32.7,0.7166
329,Sarmiento,5/13/21,15:30:00,Day,49.111649,-14.747449,49.149111,-14.685163,5,0,400,333,0,1000,1000,14518,Cyclothone,Genus,Gonostomatidae,126187,32.6,0.1951
330,Sarmiento,5/13/21,15:30:00,Day,49.111649,-14.747449,49.149111,-14.685163,5,0,401,333,0,1000,1000,14518,Cyclothone,Genus,Gonostomatidae,126187,31.4,0.1748
331,Sarmiento,5/13/21,15:30:00,Day,49.111649,-14.747449,49.149111,-14.685163,5,0,402,333,0,1000,1000,14518,Cyclothone,Genus,Gonostomatidae,126187,33.7,0.1623
332,Sarmiento,5/13/21,15:30:00,Day,49.111649,-14.747449,49.149111,-14.685163,5,0,403,333,0,1000,1000,14518,Cyclothone,Genus,Gonostomatidae,126187,21.7,0.0725
333,Sarmiento,5/13/21,15:30:00,Day,49.111649,-14.747449,49.149111,-14.685163,5,0,404,333,0,1000,1000,14518,Cyclothone,Genus,Gonostomatidae,126187,31.3,0.1592
334,Sarmiento,5/13/21,15:30:00,Day,49.111649,-14.747449,49.149111,-14.685163,5,0,405,333,0,1000,1000,14518,Cyclothone,Genus,Gonostomatidae,126187,30,0.1519
335,Sarmiento,5/13/21,15:30:00,Day,49.111649,-14.747449,49.149111,-14.685163,5,0,406,333,0,1000,1000,14518,Cyclothone,Genus,Gonostomatidae,126187,31,0.1595
336,Sarmiento,5/13/21,15:30:00,Day,49.111649,-14.747449,49.149111,-14.685163,5,0,407,333,0,1000,1000,14518,Cyclothone,Genus,Gonostomatidae,126187,30.2,0.1371
337,Sarmiento,5/13/21,15:30:00,Day,49.111649,-14.747449,49.149111,-14.685163,5,0,408,333,0,1000,1000,14518,Cyclothone microdon,Species,Gonostomatidae,127286,56.8,0.8946
338,Sarmiento,5/13/21,15:30:00,Day,49.111649,-14.747449,49.149111,-14.685163,5,0,409,333,0,1000,1000,14518,Cyclothone microdon,Species,Gonostomatidae,127286,52.1,0.649
339,Sarmiento,5/13/21,15:30:00,Day,49.111649,-14.747449,49.149111,-14.685163,5,0,410,333,0,1000,1000,14518,Cyclothone microdon,Species,Gonostomatidae,127286,31.9,0.1552
340,Sarmiento,5/13/21,15:30:00,Day,49.111649,-14.747449,49.149111,-14.685163,5,0,411,333,0,1000,1000,14518,Benthosema glaciale,Species,Myctophidae,126580,26.4,0.1926
341,Sarmiento,5/13/21,15:30:00,Day,49.111649,-14.747449,49.149111,-14.685163,5,0,412,333,0,1000,1000,14518,Lampanyctus macdonaldi,Species,Myctophidae,126617,35.2,0.293
342,Sarmiento,5/13/21,15:30:00,Day,49.111649,-14.747449,49.149111,-14.685163,5,0,413,333,0,1000,1000,14518,Lampanyctus macdonaldi,Species,Myctophidae,126617,31.2,0.167
343,Sarmiento,5/14/21,0:18:00,Night,48.972416,-14.708406,48.91968,-14.79558,6,4,414,333,100,0,100,8374,Myctophum punctatum,Species,Myctophidae,126627,68,4.9378
344,Sarmiento,5/14/21,0:18:00,Night,48.972416,-14.708406,48.91968,-14.79558,6,4,415,333,100,0,100,8374,Benthosema glaciale,Species,Myctophidae,126580,25,0.2104
345,Sarmiento,5/14/21,0:18:00,Night,48.972416,-14.708406,48.91968,-14.79558,6,4,416,333,100,0,100,8374,Benthosema glaciale,Species,Myctophidae,126580,25.3,0.2056
346,Sarmiento,5/14/21,0:18:00,Night,48.972416,-14.708406,48.91968,-14.79558,6,4,417,333,100,0,100,8374,Benthosema glaciale,Species,Myctophidae,126580,29.2,0.3411
347,Sarmiento,5/14/21,0:18:00,Night,48.972416,-14.708406,48.91968,-14.79558,6,4,418,333,100,0,100,8374,Benthosema glaciale,Species,Myctophidae,126580,24,0.1917
348,Sarmiento,5/14/21,0:18:00,Night,48.972416,-14.708406,48.91968,-14.79558,6,4,419,333,100,0,100,8374,Benthosema glaciale,Species,Myctophidae,126580,23.4,0.1808
349,Sarmiento,5/14/21,0:18:00,Night,48.972416,-14.708406,48.91968,-14.79558,6,4,420,333,100,0,100,8374,Benthosema glaciale,Species,Myctophidae,126580,24.7,0.2134
350,Sarmiento,5/14/21,0:18:00,Night,48.972416,-14.708406,48.91968,-14.79558,6,4,421,333,100,0,100,8374,Benthosema glaciale,Species,Myctophidae,126580,27.2,0.2843
351,Sarmiento,5/14/21,0:18:00,Night,48.972416,-14.708406,48.91968,-14.79558,6,4,422,333,100,0,100,8374,Benthosema glaciale,Species,Myctophidae,126580,26.6,0.284
352,Sarmiento,5/14/21,0:18:00,Night,48.972416,-14.708406,48.91968,-14.79558,6,4,423,333,100,0,100,8374,Benthosema glaciale,Species,Myctophidae,126580,33.7,0.6518
353,Sarmiento,5/14/21,0:18:00,Night,48.972416,-14.708406,48.91968,-14.79558,6,4,424,333,100,0,100,8374,Benthosema glaciale,Species,Myctophidae,126580,25.7,0.2364
354,Sarmiento,5/14/21,0:18:00,Night,48.972416,-14.708406,48.91968,-14.79558,6,4,425,333,100,0,100,8374,Benthosema glaciale,Species,Myctophidae,126580,27,0.2282
355,Sarmiento,5/14/21,0:18:00,Night,48.972416,-14.708406,48.91968,-14.79558,6,4,426,333,100,0,100,8374,Benthosema glaciale,Species,Myctophidae,126580,26.5,0.2357
356,Sarmiento,5/14/21,0:18:00,Night,48.972416,-14.708406,48.91968,-14.79558,6,4,427,333,100,0,100,8374,Benthosema glaciale,Species,Myctophidae,126580,24.8,0.2
357,Sarmiento,5/14/21,0:18:00,Night,48.972416,-14.708406,48.91968,-14.79558,6,4,428,333,100,0,100,8374,Benthosema glaciale,Species,Myctophidae,126580,21.3,0.1258
358,Sarmiento,5/14/21,0:18:00,Night,48.972416,-14.708406,48.91968,-14.79558,6,4,429,333,100,0,100,8374,Benthosema glaciale,Species,Myctophidae,126580,24,0.187
359,Sarmiento,5/14/21,0:18:00,Night,48.972416,-14.708406,48.91968,-14.79558,6,4,430,333,100,0,100,8374,Myctophum punctatum,Species,Myctophidae,126627,23.4,0.1803
360,Sarmiento,5/14/21,0:18:00,Night,48.972416,-14.708406,48.91968,-14.79558,6,4,431,333,100,0,100,8374,Myctophum punctatum,Species,Myctophidae,126627,21.5,0.1262
361,Sarmiento,5/14/21,0:18:00,Night,48.972416,-14.708406,48.91968,-14.79558,6,4,432,333,100,0,100,8374,Myctophum punctatum,Species,Myctophidae,126627,24,0.1723
362,Sarmiento,5/14/21,0:18:00,Night,48.972416,-14.708406,48.91968,-14.79558,6,2,434,333,500,300,200,10378,Valenciennellus tripunctulatus,Species,Sternoptychidae,127316,30.5,0.3369
363,Sarmiento,5/14/21,0:18:00,Night,48.972416,-14.708406,48.91968,-14.79558,6,1,435,333,1000,500,500,25437,Cyclothone,Genus,Gonostomatidae,126187,30.5,0.1554
364,Sarmiento,5/14/21,0:18:00,Night,48.972416,-14.708406,48.91968,-14.79558,6,1,436,333,1000,500,500,25437,Cyclothone,Genus,Gonostomatidae,126187,29.8,0.118
365,Sarmiento,5/14/21,0:18:00,Night,48.972416,-14.708406,48.91968,-14.79558,6,1,437,333,1000,500,500,25437,Cyclothone,Genus,Gonostomatidae,126187,30.9,0.1396
366,Sarmiento,5/14/21,0:18:00,Night,48.972416,-14.708406,48.91968,-14.79558,6,1,438,333,1000,500,500,25437,Cyclothone,Genus,Gonostomatidae,126187,29.6,0.1316
367,Sarmiento,5/14/21,0:18:00,Night,48.972416,-14.708406,48.91968,-14.79558,6,1,439,333,1000,500,500,25437,Cyclothone microdon,Species,Gonostomatidae,127286,37.3,0.2729
368,Sarmiento,5/14/21,0:18:00,Night,48.972416,-14.708406,48.91968,-14.79558,6,1,440,333,1000,500,500,25437,Cyclothone microdon,Species,Gonostomatidae,127286,29.2,0.1341
369,Sarmiento,5/14/21,0:18:00,Night,48.972416,-14.708406,48.91968,-14.79558,6,1,441,333,1000,500,500,25437,Cyclothone microdon,Species,Gonostomatidae,127286,30.7,0.1424
370,Sarmiento,5/14/21,0:18:00,Night,48.972416,-14.708406,48.91968,-14.79558,6,1,442,333,1000,500,500,25437,Cyclothone microdon,Species,Gonostomatidae,127286,28.4,0.1024
371,Sarmiento,5/14/21,0:18:00,Night,48.972416,-14.708406,48.91968,-14.79558,6,1,443,333,1000,500,500,25437,Cyclothone,Genus,Gonostomatidae,126187,32.3,0.1659
372,Sarmiento,5/14/21,0:18:00,Night,48.972416,-14.708406,48.91968,-14.79558,6,1,444,333,1000,500,500,25437,Cyclothone microdon,Species,Gonostomatidae,127286,34.7,0.1879
373,Sarmiento,5/14/21,0:18:00,Night,48.972416,-14.708406,48.91968,-14.79558,6,0,445,333,0,1000,1000,17992,Benthosema glaciale,Species,Myctophidae,126580,35.3,0.5531
374,Sarmiento,5/14/21,0:18:00,Night,48.972416,-14.708406,48.91968,-14.79558,6,0,446,333,0,1000,1000,17992,Benthosema glaciale,Species,Myctophidae,126580,25.9,0.1874
375,Sarmiento,5/14/21,0:18:00,Night,48.972416,-14.708406,48.91968,-14.79558,6,0,447,333,0,1000,1000,17992,Benthosema glaciale,Species,Myctophidae,126580,26.9,0.241
376,Sarmiento,5/14/21,0:18:00,Night,48.972416,-14.708406,48.91968,-14.79558,6,0,448,333,0,1000,1000,17992,Benthosema glaciale,Species,Myctophidae,126580,25.3,0.1902
377,Sarmiento,5/14/21,0:18:00,Night,48.972416,-14.708406,48.91968,-14.79558,6,0,450,333,0,1000,1000,17992,Lampanyctus macdonaldi,Species,Myctophidae,126617,31.1,0.1533
378,Sarmiento,5/14/21,0:18:00,Night,48.972416,-14.708406,48.91968,-14.79558,6,0,451,333,0,1000,1000,17992,Lampanyctus macdonaldi,Species,Myctophidae,126617,31.9,0.169
379,Sarmiento,5/14/21,0:18:00,Night,48.972416,-14.708406,48.91968,-14.79558,6,0,452,333,0,1000,1000,17992,Lampanyctus macdonaldi,Species,Myctophidae,126617,28.9,0.2994
380,Sarmiento,5/14/21,0:18:00,Night,48.972416,-14.708406,48.91968,-14.79558,6,0,453,333,0,1000,1000,17992,Cyclothone microdon,Species,Gonostomatidae,127286,41.5,0.3608
381,Sarmiento,5/14/21,0:18:00,Night,48.972416,-14.708406,48.91968,-14.79558,6,0,454,333,0,1000,1000,17992,Cyclothone microdon,Species,Gonostomatidae,127286,40.6,0.3162
382,Sarmiento,5/14/21,0:18:00,Night,48.972416,-14.708406,48.91968,-14.79558,6,0,455,333,0,1000,1000,17992,Cyclothone microdon,Species,Gonostomatidae,127286,34.4,0.228
383,Sarmiento,5/14/21,0:18:00,Night,48.972416,-14.708406,48.91968,-14.79558,6,0,456,333,0,1000,1000,17992,Cyclothone microdon,Species,Gonostomatidae,127286,35.4,0.2496
384,Sarmiento,5/14/21,0:18:00,Night,48.972416,-14.708406,48.91968,-14.79558,6,0,457,333,0,1000,1000,17992,Cyclothone microdon,Species,Gonostomatidae,127286,31.9,0.1694
385,Sarmiento,5/14/21,0:18:00,Night,48.972416,-14.708406,48.91968,-14.79558,6,0,458,333,0,1000,1000,17992,Cyclothone microdon,Species,Gonostomatidae,127286,34.3,0.213
386,Sarmiento,5/14/21,0:18:00,Night,48.972416,-14.708406,48.91968,-14.79558,6,0,459,333,0,1000,1000,17992,Cyclothone microdon,Species,Gonostomatidae,127286,30.5,0.1433
387,Sarmiento,5/14/21,0:18:00,Night,48.972416,-14.708406,48.91968,-14.79558,6,0,460,333,0,1000,1000,17992,Cyclothone,Genus,Gonostomatidae,126187,33.5,0.2038
388,Sarmiento,5/14/21,0:18:00,Night,48.972416,-14.708406,48.91968,-14.79558,6,0,461,333,0,1000,1000,17992,Cyclothone,Genus,Gonostomatidae,126187,45.7,0.4315
389,Sarmiento,5/14/21,0:18:00,Night,48.972416,-14.708406,48.91968,-14.79558,6,0,462,333,0,1000,1000,17992,Cyclothone,Genus,Gonostomatidae,126187,43.5,0.4263
390,Sarmiento,5/14/21,0:18:00,Night,48.972416,-14.708406,48.91968,-14.79558,6,0,463,333,0,1000,1000,17992,Cyclothone,Genus,Gonostomatidae,126187,37.6,0.3187
391,Sarmiento,5/17/21,11:17:00,Day,48.919083,-14.818491,48.942654,-14.950189,7,1,464,333,1000,500,500,17737,Cyclothone microdon,Species,Gonostomatidae,127286,51.4,0.597
392,Sarmiento,5/17/21,11:17:00,Day,48.919083,-14.818491,48.942654,-14.950189,7,1,465,333,1000,500,500,17737,Cyclothone microdon,Species,Gonostomatidae,127286,34.4,0.2707
393,Sarmiento,5/17/21,11:17:00,Day,48.919083,-14.818491,48.942654,-14.950189,7,1,466,333,1000,500,500,17737,Cyclothone microdon,Species,Gonostomatidae,127286,39.2,0.302
394,Sarmiento,5/17/21,11:17:00,Day,48.919083,-14.818491,48.942654,-14.950189,7,1,467,333,1000,500,500,17737,Cyclothone microdon,Species,Gonostomatidae,127286,31.1,0.1601
395,Sarmiento,5/17/21,11:17:00,Day,48.919083,-14.818491,48.942654,-14.950189,7,1,468,333,1000,500,500,17737,Cyclothone microdon,Species,Gonostomatidae,127286,32.4,0.1538
396,Sarmiento,5/17/21,11:17:00,Day,48.919083,-14.818491,48.942654,-14.950189,7,1,469,333,1000,500,500,17737,Cyclothone microdon,Species,Gonostomatidae,127286,34.4,0.2282
397,Sarmiento,5/17/21,11:17:00,Day,48.919083,-14.818491,48.942654,-14.950189,7,1,470,333,1000,500,500,17737,Cyclothone,Genus,Gonostomatidae,126187,31.8,0.1792
398,Sarmiento,5/17/21,11:17:00,Day,48.919083,-14.818491,48.942654,-14.950189,7,1,471,333,1000,500,500,17737,Cyclothone,Genus,Gonostomatidae,126187,33.5,0.1823
399,Sarmiento,5/17/21,11:17:00,Day,48.919083,-14.818491,48.942654,-14.950189,7,1,472,333,1000,500,500,17737,Cyclothone,Genus,Gonostomatidae,126187,31.5,0.1939
400,Sarmiento,5/17/21,11:17:00,Day,48.919083,-14.818491,48.942654,-14.950189,7,1,473,333,1000,500,500,17737,Cyclothone,Genus,Gonostomatidae,126187,32,0.1936
401,Sarmiento,5/17/21,11:17:00,Day,48.919083,-14.818491,48.942654,-14.950189,7,1,474,333,1000,500,500,17737,Cyclothone,Genus,Gonostomatidae,126187,33,0.2221
402,Sarmiento,5/17/21,11:17:00,Day,48.919083,-14.818491,48.942654,-14.950189,7,1,475,333,1000,500,500,17737,Cyclothone,Genus,Gonostomatidae,126187,31.2,0.1773
403,Sarmiento,5/17/21,11:17:00,Day,48.919083,-14.818491,48.942654,-14.950189,7,1,476,333,1000,500,500,17737,Cyclothone,Genus,Gonostomatidae,126187,32,0.1846
404,Sarmiento,5/17/21,11:17:00,Day,48.919083,-14.818491,48.942654,-14.950189,7,1,477,333,1000,500,500,17737,Cyclothone,Genus,Gonostomatidae,126187,32.7,0.1786
405,Sarmiento,5/17/21,11:17:00,Day,48.919083,-14.818491,48.942654,-14.950189,7,1,478,333,1000,500,500,17737,Cyclothone,Genus,Gonostomatidae,126187,31.9,0.1733
406,Sarmiento,5/17/21,11:17:00,Day,48.919083,-14.818491,48.942654,-14.950189,7,0,479,333,0,1000,1000,19617,Cyclothone,Genus,Gonostomatidae,126187,33.4,0.1962
407,Sarmiento,5/17/21,11:17:00,Day,48.919083,-14.818491,48.942654,-14.950189,7,0,480,333,0,1000,1000,19617,Cyclothone,Genus,Gonostomatidae,126187,31.7,0.2086
408,Sarmiento,5/17/21,11:17:00,Day,48.919083,-14.818491,48.942654,-14.950189,7,0,481,333,0,1000,1000,19617,Cyclothone,Genus,Gonostomatidae,126187,32.9,0.1947
409,Sarmiento,5/17/21,11:17:00,Day,48.919083,-14.818491,48.942654,-14.950189,7,0,482,333,0,1000,1000,19617,Cyclothone,Genus,Gonostomatidae,126187,31.7,0.1937
410,Sarmiento,5/17/21,11:17:00,Day,48.919083,-14.818491,48.942654,-14.950189,7,0,483,333,0,1000,1000,19617,Cyclothone,Genus,Gonostomatidae,126187,31,0.1847
411,Sarmiento,5/17/21,11:17:00,Day,48.919083,-14.818491,48.942654,-14.950189,7,0,484,333,0,1000,1000,19617,Cyclothone,Genus,Gonostomatidae,126187,30.7,0.173
412,Sarmiento,5/17/21,11:17:00,Day,48.919083,-14.818491,48.942654,-14.950189,7,0,485,333,0,1000,1000,19617,Cyclothone,Genus,Gonostomatidae,126187,32.3,0.1976
413,Sarmiento,5/17/21,11:17:00,Day,48.919083,-14.818491,48.942654,-14.950189,7,0,486,333,0,1000,1000,19617,Cyclothone microdon,Species,Gonostomatidae,127286,28.5,0.1176
414,Sarmiento,5/17/21,11:17:00,Day,48.919083,-14.818491,48.942654,-14.950189,7,0,487,333,0,1000,1000,19617,Cyclothone,Genus,Gonostomatidae,126187,38.7,26.27
415,Sarmiento,5/17/21,11:17:00,Day,48.919083,-14.818491,48.942654,-14.950189,7,0,488,333,0,1000,1000,19617,Cyclothone,Genus,Gonostomatidae,126187,37.5,0.2736
416,Sarmiento,5/17/21,11:17:00,Day,48.919083,-14.818491,48.942654,-14.950189,7,1,490,333,1000,500,500,17737,Benthosema glaciale,Species,Myctophidae,126580,34,0.4822
417,Sarmiento,5/17/21,23:45:00,Night,49.060371,-15.063954,49.056541,-15.188733,8,2,491,333,500,300,200,18058,Argyropelecus hemigymnus,Species,Sternoptychidae,127309,27.2,0.4614
418,Sarmiento,5/17/21,23:45:00,Night,49.060371,-15.063954,49.056541,-15.188733,8,2,492,333,500,300,200,18058,Argyropelecus hemigymnus,Species,Sternoptychidae,127309,26.5,0.4165
419,Sarmiento,5/17/21,23:45:00,Night,49.060371,-15.063954,49.056541,-15.188733,8,2,493,333,500,300,200,18058,Argyropelecus hemigymnus,Species,Sternoptychidae,127309,29.5,0.5956
420,Sarmiento,5/17/21,23:45:00,Night,49.060371,-15.063954,49.056541,-15.188733,8,2,494,333,500,300,200,18058,Argyropelecus hemigymnus,Species,Sternoptychidae,127309,29.4,0.4842
421,Sarmiento,5/17/21,23:45:00,Night,49.060371,-15.063954,49.056541,-15.188733,8,2,495,333,500,300,200,18058,Argyropelecus hemigymnus,Species,Sternoptychidae,127309,29.2,0.5571
422,Sarmiento,5/17/21,23:45:00,Night,49.060371,-15.063954,49.056541,-15.188733,8,2,496,333,500,300,200,18058,Argyropelecus hemigymnus,Species,Sternoptychidae,127309,28.9,0.5472
423,Sarmiento,5/17/21,23:45:00,Night,49.060371,-15.063954,49.056541,-15.188733,8,2,497,333,500,300,200,18058,Argyropelecus hemigymnus,Species,Sternoptychidae,127309,24.7,0.3659
424,Sarmiento,5/17/21,23:45:00,Night,49.060371,-15.063954,49.056541,-15.188733,8,2,498,333,500,300,200,18058,Argyropelecus hemigymnus,Species,Sternoptychidae,127309,29.1,0.6268
425,Sarmiento,5/17/21,23:45:00,Night,49.060371,-15.063954,49.056541,-15.188733,8,2,499,333,500,300,200,18058,Argyropelecus hemigymnus,Species,Sternoptychidae,127309,32.5,0.7659
426,Sarmiento,5/17/21,23:45:00,Night,49.060371,-15.063954,49.056541,-15.188733,8,2,500,333,500,300,200,18058,Argyropelecus hemigymnus,Species,Sternoptychidae,127309,27.9,0.5291
427,Sarmiento,5/17/21,23:45:00,Night,49.060371,-15.063954,49.056541,-15.188733,8,2,501,333,500,300,200,18058,Argyropelecus hemigymnus,Species,Sternoptychidae,127309,26.9,0.63
428,Sarmiento,5/17/21,23:45:00,Night,49.060371,-15.063954,49.056541,-15.188733,8,2,502,333,500,300,200,18058,Argyropelecus hemigymnus,Species,Sternoptychidae,127309,26.4,0.5046
429,Sarmiento,5/17/21,23:45:00,Night,49.060371,-15.063954,49.056541,-15.188733,8,2,503,333,500,300,200,18058,Argyropelecus hemigymnus,Species,Sternoptychidae,127309,27.7,0.497
430,Sarmiento,5/17/21,23:45:00,Night,49.060371,-15.063954,49.056541,-15.188733,8,2,504,333,500,300,200,18058,Argyropelecus hemigymnus,Species,Sternoptychidae,127309,20.4,0.2976
431,Sarmiento,5/17/21,23:45:00,Night,49.060371,-15.063954,49.056541,-15.188733,8,2,505,333,500,300,200,18058,Argyropelecus hemigymnus,Species,Sternoptychidae,127309,29.6,0.8309
432,Sarmiento,5/17/21,23:45:00,Night,49.060371,-15.063954,49.056541,-15.188733,8,2,506,333,500,300,200,18058,Valenciennellus tripunctulatus,Species,Sternoptychidae,127316,25.5,0.1499
433,Sarmiento,5/17/21,23:45:00,Night,49.060371,-15.063954,49.056541,-15.188733,8,1,507,333,1000,500,500,27819,Scopelogadus beanii,Species,Melamphaidae,127278,40.3,1.3939
434,Sarmiento,5/17/21,23:45:00,Night,49.060371,-15.063954,49.056541,-15.188733,8,3,508,333,300,100,200,17420,Diaphus subtilis,Species,Myctophidae,126597,38.1,1.2052
435,Sarmiento,5/17/21,23:45:00,Night,49.060371,-15.063954,49.056541,-15.188733,8,3,509,333,300,100,200,17420,Lampanyctus macdonaldi,Species,Myctophidae,126617,41.1,0.5898
436,Sarmiento,5/17/21,23:45:00,Night,49.060371,-15.063954,49.056541,-15.188733,8,3,510,333,300,100,200,17420,Lampanyctus macdonaldi,Species,Myctophidae,126617,35.4,0.2822
437,Sarmiento,5/17/21,23:45:00,Night,49.060371,-15.063954,49.056541,-15.188733,8,0,511,333,0,1000,1000,29356,Argyropelecus hemigymnus,Species,Sternoptychidae,127309,32.6,0.8703
438,Sarmiento,5/17/21,23:45:00,Night,49.060371,-15.063954,49.056541,-15.188733,8,0,512,333,0,1000,1000,29356,Argyropelecus hemigymnus,Species,Sternoptychidae,127309,25,0.4447
439,Sarmiento,5/17/21,23:45:00,Night,49.060371,-15.063954,49.056541,-15.188733,8,0,513,333,0,1000,1000,29356,Argyropelecus hemigymnus,Species,Sternoptychidae,127309,19.3,0.1708
440,Sarmiento,5/17/21,23:45:00,Night,49.060371,-15.063954,49.056541,-15.188733,8,0,514,333,0,1000,1000,29356,Argyropelecus hemigymnus,Species,Sternoptychidae,127309,21.7,0.3042
441,Sarmiento,5/17/21,23:45:00,Night,49.060371,-15.063954,49.056541,-15.188733,8,0,515,333,0,1000,1000,29356,Argyropelecus hemigymnus,Species,Sternoptychidae,127309,30.2,1.0412
442,Sarmiento,5/17/21,23:45:00,Night,49.060371,-15.063954,49.056541,-15.188733,8,0,516,333,0,1000,1000,29356,Argyropelecus olfersii,Species,Sternoptychidae,274967,16.34,0.2683
443,Sarmiento,5/17/21,23:45:00,Night,49.060371,-15.063954,49.056541,-15.188733,8,0,517,333,0,1000,1000,29356,Argyropelecus olfersii,Species,Sternoptychidae,274967,37,0.2558
444,Sarmiento,5/17/21,23:45:00,Night,49.060371,-15.063954,49.056541,-15.188733,8,0,518,333,0,1000,1000,29356,Cyclothone microdon,Species,Gonostomatidae,127286,34.1,0.2281
445,Sarmiento,5/17/21,23:45:00,Night,49.060371,-15.063954,49.056541,-15.188733,8,0,519,333,0,1000,1000,29356,Cyclothone microdon,Species,Gonostomatidae,127286,32.5,0.1937
446,Sarmiento,5/17/21,23:45:00,Night,49.060371,-15.063954,49.056541,-15.188733,8,0,520,333,0,1000,1000,29356,Cyclothone,Genus,Gonostomatidae,126187,72,2.6112
447,Sarmiento,5/17/21,23:45:00,Night,49.060371,-15.063954,49.056541,-15.188733,8,1,522,333,1000,500,500,27819,Cyclothone microdon,Species,Gonostomatidae,127286,35.3,0.2445
448,Sarmiento,5/17/21,23:45:00,Night,49.060371,-15.063954,49.056541,-15.188733,8,1,523,333,1000,500,500,27819,Cyclothone microdon,Species,Gonostomatidae,127286,33.9,0.206
449,Sarmiento,5/17/21,23:45:00,Night,49.060371,-15.063954,49.056541,-15.188733,8,1,524,333,1000,500,500,27819,Cyclothone microdon,Species,Gonostomatidae,127286,34.5,0.1936
450,Sarmiento,5/17/21,23:45:00,Night,49.060371,-15.063954,49.056541,-15.188733,8,1,525,333,1000,500,500,27819,Cyclothone microdon,Species,Gonostomatidae,127286,32.1,0.1716
451,Sarmiento,5/17/21,23:45:00,Night,49.060371,-15.063954,49.056541,-15.188733,8,1,526,333,1000,500,500,27819,Cyclothone microdon,Species,Gonostomatidae,127286,33.6,0.233
452,Sarmiento,5/17/21,23:45:00,Night,49.060371,-15.063954,49.056541,-15.188733,8,1,527,333,1000,500,500,27819,Cyclothone microdon,Species,Gonostomatidae,127286,33,0.1976
453,Sarmiento,5/17/21,23:45:00,Night,49.060371,-15.063954,49.056541,-15.188733,8,1,528,333,1000,500,500,27819,Cyclothone microdon,Species,Gonostomatidae,127286,33.5,0.2021
454,Sarmiento,5/17/21,23:45:00,Night,49.060371,-15.063954,49.056541,-15.188733,8,1,529,333,1000,500,500,27819,Cyclothone microdon,Species,Gonostomatidae,127286,38,0.2971
455,Sarmiento,5/17/21,23:45:00,Night,49.060371,-15.063954,49.056541,-15.188733,8,1,530,333,1000,500,500,27819,Cyclothone microdon,Species,Gonostomatidae,127286,30,0.1542
456,Sarmiento,5/17/21,23:45:00,Night,49.060371,-15.063954,49.056541,-15.188733,8,1,531,333,1000,500,500,27819,Cyclothone,Genus,Gonostomatidae,126187,39.8,0.3846
457,Sarmiento,5/17/21,23:45:00,Night,49.060371,-15.063954,49.056541,-15.188733,8,1,532,333,1000,500,500,27819,Cyclothone,Genus,Gonostomatidae,126187,28.7,0.1551
458,Sarmiento,5/17/21,23:45:00,Night,49.060371,-15.063954,49.056541,-15.188733,8,1,533,333,1000,500,500,27819,Cyclothone,Genus,Gonostomatidae,126187,31.6,0.2321
459,Sarmiento,5/17/21,23:45:00,Night,49.060371,-15.063954,49.056541,-15.188733,8,1,534,333,1000,500,500,27819,Cyclothone,Genus,Gonostomatidae,126187,38.9,0.3619
460,Sarmiento,5/17/21,23:45:00,Night,49.060371,-15.063954,49.056541,-15.188733,8,1,535,333,1000,500,500,27819,Cyclothone,Genus,Gonostomatidae,126187,34.9,0.2785
461,Sarmiento,5/17/21,23:45:00,Night,49.060371,-15.063954,49.056541,-15.188733,8,1,536,333,1000,500,500,27819,Cyclothone,Genus,Gonostomatidae,126187,32.9,0.2016
462,Sarmiento,5/17/21,23:45:00,Night,49.060371,-15.063954,49.056541,-15.188733,8,1,537,333,1000,500,500,27819,Cyclothone,Genus,Gonostomatidae,126187,30.1,0.1998
463,Sarmiento,5/17/21,23:45:00,Night,49.060371,-15.063954,49.056541,-15.188733,8,1,538,333,1000,500,500,27819,Cyclothone,Genus,Gonostomatidae,126187,30,0.1995
464,Sarmiento,5/17/21,23:45:00,Night,49.060371,-15.063954,49.056541,-15.188733,8,1,539,333,1000,500,500,27819,Cyclothone,Genus,Gonostomatidae,126187,28.3,0.1356
465,Sarmiento,5/17/21,23:45:00,Night,49.060371,-15.063954,49.056541,-15.188733,8,1,540,333,1000,500,500,27819,Cyclothone,Genus,Gonostomatidae,126187,28,0.1117
466,Sarmiento,5/17/21,23:45:00,Night,49.060371,-15.063954,49.056541,-15.188733,8,4,541,333,100,0,100,15285,Benthosema glaciale,Species,Myctophidae,126580,37,0.7619
467,Sarmiento,5/17/21,23:45:00,Night,49.060371,-15.063954,49.056541,-15.188733,8,4,542,333,100,0,100,15285,Benthosema glaciale,Species,Myctophidae,126580,27.6,0.2714
468,Sarmiento,5/17/21,23:45:00,Night,49.060371,-15.063954,49.056541,-15.188733,8,4,543,333,100,0,100,15285,Benthosema glaciale,Species,Myctophidae,126580,28.8,0.3076
469,Sarmiento,5/17/21,23:45:00,Night,49.060371,-15.063954,49.056541,-15.188733,8,4,544,333,100,0,100,15285,Benthosema glaciale,Species,Myctophidae,126580,27.3,0.2847
470,Sarmiento,5/17/21,23:45:00,Night,49.060371,-15.063954,49.056541,-15.188733,8,4,545,333,100,0,100,15285,Benthosema glaciale,Species,Myctophidae,126580,27.3,0.318
471,Sarmiento,5/17/21,23:45:00,Night,49.060371,-15.063954,49.056541,-15.188733,8,4,546,333,100,0,100,15285,Benthosema glaciale,Species,Myctophidae,126580,30.3,0.44
472,Sarmiento,5/17/21,23:45:00,Night,49.060371,-15.063954,49.056541,-15.188733,8,4,547,333,100,0,100,15285,Benthosema glaciale,Species,Myctophidae,126580,28.9,0.3495
473,Sarmiento,5/17/21,23:45:00,Night,49.060371,-15.063954,49.056541,-15.188733,8,4,548,333,100,0,100,15285,Benthosema glaciale,Species,Myctophidae,126580,33.6,0.6239
474,Sarmiento,5/17/21,23:45:00,Night,49.060371,-15.063954,49.056541,-15.188733,8,4,549,333,100,0,100,15285,Benthosema glaciale,Species,Myctophidae,126580,27.4,0.2941
475,Sarmiento,5/17/21,23:45:00,Night,49.060371,-15.063954,49.056541,-15.188733,8,4,550,333,100,0,100,15285,Benthosema glaciale,Species,Myctophidae,126580,30.4,0.4569
476,Sarmiento,5/17/21,23:45:00,Night,49.060371,-15.063954,49.056541,-15.188733,8,4,551,333,100,0,100,15285,Benthosema glaciale,Species,Myctophidae,126580,30.2,0.334
477,Sarmiento,5/17/21,23:45:00,Night,49.060371,-15.063954,49.056541,-15.188733,8,4,552,333,100,0,100,15285,Benthosema glaciale,Species,Myctophidae,126580,29.1,0.3574
478,Sarmiento,5/17/21,23:45:00,Night,49.060371,-15.063954,49.056541,-15.188733,8,4,553,333,100,0,100,15285,Benthosema glaciale,Species,Myctophidae,126580,29.1,0.3453
479,Sarmiento,5/17/21,23:45:00,Night,49.060371,-15.063954,49.056541,-15.188733,8,4,554,333,100,0,100,15285,Benthosema glaciale,Species,Myctophidae,126580,35.6,0.6078
480,Sarmiento,5/17/21,23:45:00,Night,49.060371,-15.063954,49.056541,-15.188733,8,4,555,333,100,0,100,15285,Benthosema glaciale,Species,Myctophidae,126580,35.9,0.695
481,Sarmiento,5/17/21,23:45:00,Night,49.060371,-15.063954,49.056541,-15.188733,8,4,556,333,100,0,100,15285,Benthosema glaciale,Species,Myctophidae,126580,28.9,0.3077
482,Sarmiento,5/17/21,23:45:00,Night,49.060371,-15.063954,49.056541,-15.188733,8,4,557,333,100,0,100,15285,Benthosema glaciale,Species,Myctophidae,126580,36.5,0.8217
483,Sarmiento,5/17/21,23:45:00,Night,49.060371,-15.063954,49.056541,-15.188733,8,4,558,333,100,0,100,15285,Benthosema glaciale,Species,Myctophidae,126580,29,0.3684
484,Sarmiento,5/17/21,23:45:00,Night,49.060371,-15.063954,49.056541,-15.188733,8,4,559,333,100,0,100,15285,Benthosema glaciale,Species,Myctophidae,126580,40.7,1.0556
485,Sarmiento,5/17/21,23:45:00,Night,49.060371,-15.063954,49.056541,-15.188733,8,4,560,333,100,0,100,15285,Benthosema glaciale,Species,Myctophidae,126580,27.5,0.2877
486,Sarmiento,5/17/21,23:45:00,Night,49.060371,-15.063954,49.056541,-15.188733,8,4,561,333,100,0,100,15285,Benthosema glaciale,Species,Myctophidae,126580,40.4,0.9478
487,Sarmiento,5/17/21,23:45:00,Night,49.060371,-15.063954,49.056541,-15.188733,8,4,562,333,100,0,100,15285,Symbolophorus veranyi,Species,Myctophidae,126630,46.4,1.2998
488,Sarmiento,5/17/21,23:45:00,Night,49.060371,-15.063954,49.056541,-15.188733,8,4,563,333,100,0,100,15285,Symbolophorus veranyi,Species,Myctophidae,126630,46.1,1.1899
489,Sarmiento,5/17/21,23:45:00,Night,49.060371,-15.063954,49.056541,-15.188733,8,4,564,333,100,0,100,15285,Symbolophorus veranyi,Species,Myctophidae,126630,43.6,1.1344
490,Sarmiento,5/17/21,23:45:00,Night,49.060371,-15.063954,49.056541,-15.188733,8,4,565,333,100,0,100,15285,Notoscopelus resplendens,Species,Myctophidae,158916,30.9,0.3802
491,Sarmiento,5/17/21,23:45:00,Night,49.060371,-15.063954,49.056541,-15.188733,8,4,566,333,100,0,100,15285,Symbolophorus veranyi,Species,Myctophidae,126630,34.1,0.6185
492,Sarmiento,5/17/21,23:45:00,Night,49.060371,-15.063954,49.056541,-15.188733,8,4,567,333,100,0,100,15285,Symbolophorus veranyi,Species,Myctophidae,126630,47,1.644
493,Sarmiento,5/17/21,23:45:00,Night,49.060371,-15.063954,49.056541,-15.188733,8,4,568,333,100,0,100,15285,Myctophum punctatum,Species,Myctophidae,126627,42.5,0.9436
494,Sarmiento,5/17/21,23:45:00,Night,49.060371,-15.063954,49.056541,-15.188733,8,4,569,333,100,0,100,15285,Myctophum punctatum,Species,Myctophidae,126627,25.5,0.2375
495,Sarmiento,5/17/21,23:45:00,Night,49.060371,-15.063954,49.056541,-15.188733,8,0,570,333,0,1000,1000,29356,Benthosema glaciale,Species,Myctophidae,126580,29.5,0.3183
496,Sarmiento,5/17/21,23:45:00,Night,49.060371,-15.063954,49.056541,-15.188733,8,0,571,333,0,1000,1000,29356,Benthosema glaciale,Species,Myctophidae,126580,34.7,0.5812
497,Sarmiento,5/17/21,23:45:00,Night,49.060371,-15.063954,49.056541,-15.188733,8,0,572,333,0,1000,1000,29356,Benthosema glaciale,Species,Myctophidae,126580,33.9,0.4968
498,Sarmiento,5/17/21,23:45:00,Night,49.060371,-15.063954,49.056541,-15.188733,8,0,573,333,0,1000,1000,29356,Benthosema glaciale,Species,Myctophidae,126580,28.7,0.3088
499,Sarmiento,5/17/21,23:45:00,Night,49.060371,-15.063954,49.056541,-15.188733,8,0,574,333,0,1000,1000,29356,Benthosema glaciale,Species,Myctophidae,126580,25.38,0.259
500,Sarmiento,5/17/21,23:45:00,Night,49.060371,-15.063954,49.056541,-15.188733,8,0,575,333,0,1000,1000,29356,Benthosema glaciale,Species,Myctophidae,126580,30.6,0.355
501,Sarmiento,5/17/21,23:45:00,Night,49.060371,-15.063954,49.056541,-15.188733,8,0,576,333,0,1000,1000,29356,Benthosema glaciale,Species,Myctophidae,126580,28,0.2725
502,Sarmiento,5/17/21,23:45:00,Night,49.060371,-15.063954,49.056541,-15.188733,8,0,577,333,0,1000,1000,29356,Benthosema glaciale,Species,Myctophidae,126580,26.1,0.2564
503,Sarmiento,5/17/21,23:45:00,Night,49.060371,-15.063954,49.056541,-15.188733,8,0,578,333,0,1000,1000,29356,Benthosema glaciale,Species,Myctophidae,126580,28.6,0.3331
504,Sarmiento,5/17/21,23:45:00,Night,49.060371,-15.063954,49.056541,-15.188733,8,0,579,333,0,1000,1000,29356,Benthosema glaciale,Species,Myctophidae,126580,26.2,0.2735
505,Sarmiento,5/17/21,23:45:00,Night,49.060371,-15.063954,49.056541,-15.188733,8,0,580,333,0,1000,1000,29356,Benthosema glaciale,Species,Myctophidae,126580,33,0.4815
506,Sarmiento,5/17/21,23:45:00,Night,49.060371,-15.063954,49.056541,-15.188733,8,0,581,333,0,1000,1000,29356,Benthosema glaciale,Species,Myctophidae,126580,33.7,0.5391
507,Sarmiento,5/17/21,23:45:00,Night,49.060371,-15.063954,49.056541,-15.188733,8,0,582,333,0,1000,1000,29356,Benthosema glaciale,Species,Myctophidae,126580,35.9,0.7805
508,Sarmiento,5/17/21,23:45:00,Night,49.060371,-15.063954,49.056541,-15.188733,8,0,583,333,0,1000,1000,29356,Benthosema glaciale,Species,Myctophidae,126580,39.4,0.8772
509,Sarmiento,5/17/21,23:45:00,Night,49.060371,-15.063954,49.056541,-15.188733,8,0,584,333,0,1000,1000,29356,Benthosema glaciale,Species,Myctophidae,126580,37.2,0.7883
510,Sarmiento,5/17/21,23:45:00,Night,49.060371,-15.063954,49.056541,-15.188733,8,0,585,333,0,1000,1000,29356,Benthosema glaciale,Species,Myctophidae,126580,27.2,0.2855
511,Sarmiento,5/17/21,23:45:00,Night,49.060371,-15.063954,49.056541,-15.188733,8,0,586,333,0,1000,1000,29356,Benthosema glaciale,Species,Myctophidae,126580,27.4,0.3025
512,Sarmiento,5/17/21,23:45:00,Night,49.060371,-15.063954,49.056541,-15.188733,8,0,587,333,0,1000,1000,29356,Benthosema glaciale,Species,Myctophidae,126580,27.3,0.3172
513,Sarmiento,5/17/21,23:45:00,Night,49.060371,-15.063954,49.056541,-15.188733,8,0,588,333,0,1000,1000,29356,Benthosema glaciale,Species,Myctophidae,126580,33.41,0.5634
514,Sarmiento,5/17/21,23:45:00,Night,49.060371,-15.063954,49.056541,-15.188733,8,0,589,333,0,1000,1000,29356,Benthosema glaciale,Species,Myctophidae,126580,23.92,0.2721
515,Sarmiento,5/17/21,23:45:00,Night,49.060371,-15.063954,49.056541,-15.188733,8,0,590,333,0,1000,1000,29356,Benthosema glaciale,Species,Myctophidae,126580,31.49,0.6825
516,Sarmiento,5/17/21,23:45:00,Night,49.060371,-15.063954,49.056541,-15.188733,8,0,591,333,0,1000,1000,29356,Benthosema glaciale,Species,Myctophidae,126580,38.49,0.6512
517,Sarmiento,5/17/21,23:45:00,Night,49.060371,-15.063954,49.056541,-15.188733,8,0,592,333,0,1000,1000,29356,Benthosema glaciale,Species,Myctophidae,126580,25.13,0.1975
518,Sarmiento,5/17/21,23:45:00,Night,49.060371,-15.063954,49.056541,-15.188733,8,0,593,333,0,1000,1000,29356,Benthosema glaciale,Species,Myctophidae,126580,25.2,0.2232
519,Sarmiento,5/17/21,23:45:00,Night,49.060371,-15.063954,49.056541,-15.188733,8,0,594,333,0,1000,1000,29356,Lampanyctus macdonaldi,Species,Myctophidae,126617,31.8,0.3113
520,Sarmiento,5/18/21,23:29:00,Night,49.043602,-14.920976,49.079132,-15.014477,9,2,595,333,500,300,200,15366,Argyropelecus hemigymnus,Species,Sternoptychidae,127309,25.7,0.4278
521,Sarmiento,5/18/21,23:29:00,Night,49.043602,-14.920976,49.079132,-15.014477,9,2,596,333,500,300,200,15366,Argyropelecus hemigymnus,Species,Sternoptychidae,127309,29.7,0.5618
522,Sarmiento,5/18/21,23:29:00,Night,49.043602,-14.920976,49.079132,-15.014477,9,2,597,333,500,300,200,15366,Protomyctophum arcticum,Species,Myctophidae,158917,32.7,0.5618
523,Sarmiento,5/18/21,23:29:00,Night,49.043602,-14.920976,49.079132,-15.014477,9,2,598,333,500,300,200,15366,Protomyctophum arcticum,Species,Myctophidae,158917,33.9,0.6133
524,Sarmiento,5/18/21,23:29:00,Night,49.043602,-14.920976,49.079132,-15.014477,9,2,599,333,500,300,200,15366,Cyclothone,Genus,Gonostomatidae,126187,32.4,0.1684
525,Sarmiento,5/18/21,23:29:00,Night,49.043602,-14.920976,49.079132,-15.014477,9,2,600,333,500,300,200,15366,Cyclothone,Genus,Gonostomatidae,126187,30.1,0.1464
526,Sarmiento,5/18/21,23:29:00,Night,49.043602,-14.920976,49.079132,-15.014477,9,1,601,333,1000,500,500,21738,Benthosema glaciale,Species,Myctophidae,126580,25.6,0.2127
527,Sarmiento,5/18/21,23:29:00,Night,49.043602,-14.920976,49.079132,-15.014477,9,1,602,333,1000,500,500,21738,Cyclothone microdon,Species,Gonostomatidae,127286,31.6,0.1778
528,Sarmiento,5/18/21,23:29:00,Night,49.043602,-14.920976,49.079132,-15.014477,9,1,603,333,1000,500,500,21738,Cyclothone microdon,Species,Gonostomatidae,127286,28.2,0.1128
529,Sarmiento,5/18/21,23:29:00,Night,49.043602,-14.920976,49.079132,-15.014477,9,1,604,333,1000,500,500,21738,Cyclothone microdon,Species,Gonostomatidae,127286,33.3,0.1871
530,Sarmiento,5/18/21,23:29:00,Night,49.043602,-14.920976,49.079132,-15.014477,9,1,605,333,1000,500,500,21738,Cyclothone,Genus,Gonostomatidae,126187,30.7,0.161
531,Sarmiento,5/18/21,23:29:00,Night,49.043602,-14.920976,49.079132,-15.014477,9,1,607,333,1000,500,500,21738,Cyclothone microdon,Species,Gonostomatidae,127286,30.4,0.1467
532,Sarmiento,5/18/21,23:29:00,Night,49.043602,-14.920976,49.079132,-15.014477,9,1,608,333,1000,500,500,21738,Cyclothone microdon,Species,Gonostomatidae,127286,42.1,0.3447
533,Sarmiento,5/18/21,23:29:00,Night,49.043602,-14.920976,49.079132,-15.014477,9,1,609,333,1000,500,500,21738,Cyclothone microdon,Species,Gonostomatidae,127286,34.2,0.1879
534,Sarmiento,5/18/21,23:29:00,Night,49.043602,-14.920976,49.079132,-15.014477,9,1,610,333,1000,500,500,21738,Cyclothone microdon,Species,Gonostomatidae,127286,32.8,0.174
535,Sarmiento,5/18/21,23:29:00,Night,49.043602,-14.920976,49.079132,-15.014477,9,1,611,333,1000,500,500,21738,Cyclothone microdon,Species,Gonostomatidae,127286,38.1,0.2478
536,Sarmiento,5/18/21,23:29:00,Night,49.043602,-14.920976,49.079132,-15.014477,9,1,612,333,1000,500,500,21738,Scopelogadus beanii,Species,Melamphaidae,127278,52.5,0.2994
537,Sarmiento,5/18/21,23:29:00,Night,49.043602,-14.920976,49.079132,-15.014477,9,3,613,333,300,100,200,18535,Argyropelecus hemigymnus,Species,Sternoptychidae,127309,25.1,0.4455
538,Sarmiento,5/18/21,23:29:00,Night,49.043602,-14.920976,49.079132,-15.014477,9,3,614,333,300,100,200,18535,Argyropelecus hemigymnus,Species,Sternoptychidae,127309,22.6,0.2878
539,Sarmiento,5/18/21,23:29:00,Night,49.043602,-14.920976,49.079132,-15.014477,9,3,615,333,300,100,200,18535,Argyropelecus hemigymnus,Species,Sternoptychidae,127309,26.5,0.4106
540,Sarmiento,5/18/21,23:29:00,Night,49.043602,-14.920976,49.079132,-15.014477,9,3,616,333,300,100,200,18535,Argyropelecus hemigymnus,Species,Sternoptychidae,127309,20,0.2305
541,Sarmiento,5/18/21,23:29:00,Night,49.043602,-14.920976,49.079132,-15.014477,9,3,617,333,300,100,200,18535,Argyropelecus hemigymnus,Species,Sternoptychidae,127309,24.6,0.3509
542,Sarmiento,5/18/21,23:29:00,Night,49.043602,-14.920976,49.079132,-15.014477,9,3,618,333,300,100,200,18535,Argyropelecus hemigymnus,Species,Sternoptychidae,127309,27.3,0.4446
543,Sarmiento,5/18/21,23:29:00,Night,49.043602,-14.920976,49.079132,-15.014477,9,3,619,333,300,100,200,18535,Argyropelecus hemigymnus,Species,Sternoptychidae,127309,24.3,0.306
544,Sarmiento,5/18/21,23:29:00,Night,49.043602,-14.920976,49.079132,-15.014477,9,3,620,333,300,100,200,18535,Argyropelecus hemigymnus,Species,Sternoptychidae,127309,20.6,0.2015
545,Sarmiento,5/18/21,23:29:00,Night,49.043602,-14.920976,49.079132,-15.014477,9,3,621,333,300,100,200,18535,Argyropelecus hemigymnus,Species,Sternoptychidae,127309,23.2,0.2976
546,Sarmiento,5/18/21,23:29:00,Night,49.043602,-14.920976,49.079132,-15.014477,9,4,624,333,100,0,100,11783,Benthosema glaciale,Species,Myctophidae,126580,28.3,0.3101
547,Sarmiento,5/18/21,23:29:00,Night,49.043602,-14.920976,49.079132,-15.014477,9,4,625,333,100,0,100,11783,Myctophidae,Family,Myctophidae,125498,32.2,0.375
548,Sarmiento,5/18/21,23:29:00,Night,49.043602,-14.920976,49.079132,-15.014477,9,4,626,333,100,0,100,11783,Benthosema glaciale,Species,Myctophidae,126580,27.6,0.3222
549,Sarmiento,5/18/21,23:29:00,Night,49.043602,-14.920976,49.079132,-15.014477,9,4,627,333,100,0,100,11783,Benthosema glaciale,Species,Myctophidae,126580,30.4,0.3908
550,Sarmiento,5/18/21,23:29:00,Night,49.043602,-14.920976,49.079132,-15.014477,9,4,628,333,100,0,100,11783,Benthosema glaciale,Species,Myctophidae,126580,33.8,0.7008
551,Sarmiento,5/18/21,23:29:00,Night,49.043602,-14.920976,49.079132,-15.014477,9,4,629,333,100,0,100,11783,Benthosema glaciale,Species,Myctophidae,126580,29.4,0.3703
552,Sarmiento,5/18/21,23:29:00,Night,49.043602,-14.920976,49.079132,-15.014477,9,4,630,333,100,0,100,11783,Benthosema glaciale,Species,Myctophidae,126580,37.1,0.8524
553,Sarmiento,5/18/21,23:29:00,Night,49.043602,-14.920976,49.079132,-15.014477,9,4,631,333,100,0,100,11783,Benthosema glaciale,Species,Myctophidae,126580,27.6,0.2944
554,Sarmiento,5/18/21,23:29:00,Night,49.043602,-14.920976,49.079132,-15.014477,9,4,632,333,100,0,100,11783,Benthosema glaciale,Species,Myctophidae,126580,32.8,0.5529
555,Sarmiento,5/18/21,23:29:00,Night,49.043602,-14.920976,49.079132,-15.014477,9,4,633,333,100,0,100,11783,Benthosema glaciale,Species,Myctophidae,126580,27.6,0.3172
556,Sarmiento,5/18/21,23:29:00,Night,49.043602,-14.920976,49.079132,-15.014477,9,4,634,333,100,0,100,11783,Benthosema glaciale,Species,Myctophidae,126580,27,0.2878
557,Sarmiento,5/18/21,23:29:00,Night,49.043602,-14.920976,49.079132,-15.014477,9,4,635,333,100,0,100,11783,Benthosema glaciale,Species,Myctophidae,126580,33.4,0.5733
558,Sarmiento,5/18/21,23:29:00,Night,49.043602,-14.920976,49.079132,-15.014477,9,4,636,333,100,0,100,11783,Benthosema glaciale,Species,Myctophidae,126580,36.2,0.6653
559,Sarmiento,5/18/21,23:29:00,Night,49.043602,-14.920976,49.079132,-15.014477,9,4,637,333,100,0,100,11783,Benthosema glaciale,Species,Myctophidae,126580,27.9,0.2805
560,Sarmiento,5/18/21,23:29:00,Night,49.043602,-14.920976,49.079132,-15.014477,9,4,638,333,100,0,100,11783,Benthosema glaciale,Species,Myctophidae,126580,27.3,0.2774
561,Sarmiento,5/18/21,23:29:00,Night,49.043602,-14.920976,49.079132,-15.014477,9,4,639,333,100,0,100,11783,Benthosema glaciale,Species,Myctophidae,126580,36.6,0.7689
562,Sarmiento,5/18/21,23:29:00,Night,49.043602,-14.920976,49.079132,-15.014477,9,4,640,333,100,0,100,11783,Benthosema glaciale,Species,Myctophidae,126580,29.4,0.3838
563,Sarmiento,5/18/21,23:29:00,Night,49.043602,-14.920976,49.079132,-15.014477,9,4,641,333,100,0,100,11783,Benthosema glaciale,Species,Myctophidae,126580,27.7,0.292
564,Sarmiento,5/18/21,23:29:00,Night,49.043602,-14.920976,49.079132,-15.014477,9,4,642,333,100,0,100,11783,Benthosema glaciale,Species,Myctophidae,126580,25.9,0.2389
565,Sarmiento,5/18/21,23:29:00,Night,49.043602,-14.920976,49.079132,-15.014477,9,4,643,333,100,0,100,11783,Benthosema glaciale,Species,Myctophidae,126580,27.3,0.3572
566,Sarmiento,5/18/21,23:29:00,Night,49.043602,-14.920976,49.079132,-15.014477,9,4,644,333,100,0,100,11783,Benthosema glaciale,Species,Myctophidae,126580,29.7,0.3818
567,Sarmiento,5/18/21,23:29:00,Night,49.043602,-14.920976,49.079132,-15.014477,9,4,645,333,100,0,100,11783,Benthosema glaciale,Species,Myctophidae,126580,38.2,0.8134
568,Sarmiento,5/18/21,23:29:00,Night,49.043602,-14.920976,49.079132,-15.014477,9,4,646,333,100,0,100,11783,Benthosema glaciale,Species,Myctophidae,126580,40.2,1.2304
569,Sarmiento,5/18/21,23:29:00,Night,49.043602,-14.920976,49.079132,-15.014477,9,0,647,333,0,1000,1000,17847,Argyropelecus hemigymnus,Species,Sternoptychidae,127309,28.9,0.6589
570,Sarmiento,5/18/21,23:29:00,Night,49.043602,-14.920976,49.079132,-15.014477,9,0,648,333,0,1000,1000,17847,Argyropelecus hemigymnus,Species,Sternoptychidae,127309,19.5,0.19
571,Sarmiento,5/18/21,23:29:00,Night,49.043602,-14.920976,49.079132,-15.014477,9,0,649,333,0,1000,1000,17847,Argyropelecus hemigymnus,Species,Sternoptychidae,127309,24.2,0.364
572,Sarmiento,5/18/21,23:29:00,Night,49.043602,-14.920976,49.079132,-15.014477,9,0,650,333,0,1000,1000,17847,Argyropelecus hemigymnus,Species,Sternoptychidae,127309,23.2,0.3486
573,Sarmiento,5/18/21,23:29:00,Night,49.043602,-14.920976,49.079132,-15.014477,9,0,651,333,0,1000,1000,17847,Argyropelecus aculeatus,Species,Sternoptychidae,127306,39,2.8019
574,Sarmiento,5/18/21,23:29:00,Night,49.043602,-14.920976,49.079132,-15.014477,9,0,652,333,0,1000,1000,17847,Argyropelecus lychnus,Species,Sternoptychidae,158836,31.1,1.1156
575,Sarmiento,5/18/21,23:29:00,Night,49.043602,-14.920976,49.079132,-15.014477,9,0,653,333,0,1000,1000,17847,Argyropelecus lychnus,Species,Sternoptychidae,158836,28.2,0.7555
576,Sarmiento,5/18/21,23:29:00,Night,49.043602,-14.920976,49.079132,-15.014477,9,0,654,333,0,1000,1000,17847,Argyropelecus olfersii,Species,Sternoptychidae,274967,18,0.2593
577,Sarmiento,5/18/21,23:29:00,Night,49.043602,-14.920976,49.079132,-15.014477,9,0,655,333,0,1000,1000,17847,Benthosema glaciale,Species,Myctophidae,126580,28.4,0.2656
578,Sarmiento,5/18/21,23:29:00,Night,49.043602,-14.920976,49.079132,-15.014477,9,0,656,333,0,1000,1000,17847,Benthosema glaciale,Species,Myctophidae,126580,25.6,0.2087
579,Sarmiento,5/18/21,23:29:00,Night,49.043602,-14.920976,49.079132,-15.014477,9,0,657,333,0,1000,1000,17847,Benthosema glaciale,Species,Myctophidae,126580,24.9,0.1894
580,Sarmiento,5/18/21,23:29:00,Night,49.043602,-14.920976,49.079132,-15.014477,9,0,658,333,0,1000,1000,17847,Cyclothone,Genus,Gonostomatidae,126187,33,0.1751
581,Sarmiento,5/18/21,23:29:00,Night,49.043602,-14.920976,49.079132,-15.014477,9,0,660,333,0,1000,1000,17847,Cyclothone,Genus,Gonostomatidae,126187,38.7,0.2913
582,Sarmiento,5/18/21,23:29:00,Night,49.043602,-14.920976,49.079132,-15.014477,9,0,661,333,0,1000,1000,17847,Cyclothone,Genus,Gonostomatidae,126187,52.2,0.8972