/begin_header,,,,,,,,,,,,,,,,,,,,,,,,,,,,,,,
/investigators=Joel_Llopiz,,Helena_McMonagle,,,,,,,,,,,,,,,,,,,,,,,,,,,,,
/affiliations=Woods_Hole_Oceanographic_Institution,,University_of_Washington,,,,,,,,,,,,,,,,,,,,,,,,,,,,,
/contact=jllopiz@whoi.edu,helena.mcmonagle@wellesley.edu,,,,,,,,,,,,,,,,,,,,,,,,,,,,,,
/documents=,,,,,,,,,,,,,,,,,,,,,,,,,,,,,,,
/experiment=EXPORTS,,,,,,,,,,,,,,,,,,,,,,,,,,,,,,,
/cruise=EXPORSTNA,,,,,,,,,,,,,,,,,,,,,,,,,,,,,,,
/cruise_id=jc214,,,,,,,,,,,,,,,,,,,,,,,,,,,,,,,
/data_file_name=EXPORTS_EXPORTSNA_JC214_MOCNESS_fishdata.sb,,,,,,,,,,,,,,,,,,,,,,,,,,,,,,,
/calibration_files=no_cal_files,,,,,,,,,,,,,,,,,,,,,,,,,,,,,,,
/data_type=net_tow,,,,,,,,,,,,,,,,,,,,,,,,,,,,,,,
/instrument_model=MOCNESS_1_m_2,,,,,,,,,,,,,,,,,,,,,,,,,,,,,,,
/data_status=final,,,,,,,,,,,,,,,,,,,,,,,,,,,,,,,
/start_date=20210506,,,,,,,,,,,,,,,,,,,,,,,,,,,,,,,
/end_date=20210526,,,,,,,,,,,,,,,,,,,,,,,,,,,,,,,
/start_time=10:53:00,,,,,,,,,,,,,,,,,,,,,,,,,,,,,,,
/end_time=21:18:00,,,,,,,,,,,,,,,,,,,,,,,,,,,,,,,
/north_latitude=48.97581667,,,,,,,,,,,,,,,,,,,,,,,,,,,,,,,
/south_latitude=48.74221667,,,,,,,,,,,,,,,,,,,,,,,,,,,,,,,
/east_longitude=-14.8018,,,,,,,,,,,,,,,,,,,,,,,,,,,,,,,
/west_longitude=-15.067583,,,,,,,,,,,,,,,,,,,,,,,,,,,,,,,
/associated_archives=EXPORTS_EXPORTSNA_JC214_MOCNESS_fishdata_images.tgz,,,,,,,,,,,,,,,,,,,,,,,,,,,,,,,
/associated_archive_types=imaging_net_tow,,,,,,,,,,,,,,,,,,,,,,,,,,,,,,,
/missing=-9999,,,,,,,,,,,,,,,,,,,,,,,,,,,,,,,
/delimiter=comma,,,,,,,,,,,,,,,,,,,,,,,,,,,,,,,
"/id_fields_definitions =1id:estimated_weightl,2id:weight_to_use,3id:weight_gut_full,4id:weight_gut_empty",,,,,,,,,,,,,,,,,,,,,,,,,,,,,,,
! ,,,,,,,,,,,,,,,,,,,,,,,,,,,,,,,
! Data collected with a Multiple Opening and Closing Net and Environmental Sensing System (MOCNESS),,,,,,,,,,,,,,,,,,,,,,,,,,,,,,,
! Mesh size=222,,,,,,,,,,,,,,,,,,,,,,,,,,,,,,,
! SN=fish number,,,,,,,,,,,,,,,,,,,,,,,,,,,,,,,
! Sample=taxonomy of gut contents determined with visual ID or metabarcoding,,,,,,,,,,,,,,,,,,,,,,,,,,,,,,,
! length_fish=standard_length_mm,,,,,,,,,,,,,,,,,,,,,,,,,,,,,,,
! weight_fish=weight of fish (empirical),,,,,,,,,,,,,,,,,,,,,,,,,,,,,,,
! Weight_fish_1id = estimated_weight regression-derived prediction of fish weight from length,,,,,,,,,,,,,,,,,,,,,,,,,,,,,,,
! Weight_fish_2id = weight_to_use empirical weight if available or regression-derived weight if unavailable,,,,,,,,,,,,,,,,,,,,,,,,,,,,,,,
! Weight_fish_3id = weight_gut_full,,,,,,,,,,,,,,,,,,,,,,,,,,,,,,,
! Weight_fish_4id = weight_gut_empty,,,,,,,,,,,,,,,,,,,,,,,,,,,,,,,
! ID=processed_initials,,,,,,,,,,,,,,,,,,,,,,,,,,,,,,,
!,,,,,,,,,,,,,,,,,,,,,,,,,,,,,,,
! additional fish carbon flux data productions: https://github.com/hmcmonagle/Chapter-2-Fish-carbon-flux-N-Atlantic,,,,,,,,,,,,,,,,,,,,,,,,,,,,,,,
!,,,,,,,,,,,,,,,,,,,,,,,,,,,,,,,
/fields=date,time,day_night,lat,lat_start,lat_end,lon,lon_start,lon_end,depth,depth_start,depth_end,tow,net,volfilt,wt,sal,scientificNameID_manual,sample,id,SN,scientificName_manual,scientificNameID_manual_aphiaID,data_provider_category_manual,length_fish,weight_fish,weight_fish_1id,weight_fish_2id,weight_fish_3id,weight_gut_4id,associated_files,associated_file_types
/units=yyyymmdd,hh:mm:ss,none,degress,degress,degress,degress,degress,degress,m,m,m,none,none,L,degreesC,PSU,none,none,none,none,none,none,none,mm,g,g,g,g,g,none,none
/end_header,,,,,,,,,,,,,,,,,,,,,,,,,,,,,,,
20210506,10:53:00,Day,48.935908,48.935908,48.969083,-14.803497,-14.803497,-15.042867,100,100,50,10,9,528700,11.642,35.534,visual,-9999,-9999,-9999,"Gonostomatidae Cocco, 1838",urn:lsid:marinespecies.org:taxname:125601,Gonostomatidae,10.271,-9999,0.010182191,0.010182191,-9999,-9999,201009_2000_1_2_1_tot_1_98,imaging_net_tow
20210506,10:53:00,Day,48.935908,48.935908,48.969083,-14.803497,-14.803497,-15.042867,100,100,50,10,9,528700,11.642,35.534,visual,-9999,-9999,-9999,"Gonostomatidae Cocco, 1838",urn:lsid:marinespecies.org:taxname:125601,Gonostomatidae,10.271,-9999,0.010182191,0.010182191,-9999,-9999,201009_2000_1_2_1_tot_1_98,imaging_net_tow
20210506,10:53:00,Day,48.935908,48.935908,48.969083,-14.803497,-14.803497,-15.042867,50,50,0,10,10,528200,-9999,-9999,visual,-9999,-9999,-9999,"Gonostomatidae Cocco, 1838",urn:lsid:marinespecies.org:taxname:125601,Gonostomatidae,33.5886,-9999,0.333084229,0.333084229,-9999,-9999,201010_5000_1_2_1_tot_1_83,imaging_net_tow
20210517,22:25:00,Night,48.93951667,48.939517,48.992517,-14.84025,-14.84025,-15.045833,1000,1000,750,48,2,1408100,10.476,35.428,visual,-9999,-9999,-9999,"Myctophidae Gill, 1893",urn:lsid:marinespecies.org:taxname:125498,Myctophidae,30.00738,-9999,0.313474735,0.313474735,-9999,-9999,204802_5000_1_4_1_63,imaging_net_tow
20210526,21:18:00,Night,48.74331667,48.743317,48.834817,-14.878217,-14.878217,-15.10875,50,50,0,90,10,510700,-9999,-9999,visual,-9999,-9999,-9999,"Gonostomatidae Cocco, 1838",urn:lsid:marinespecies.org:taxname:125601,Gonostomatidae,38.5254,-9999,0.502157943,0.502157943,-9999,-9999,209010_5000_1_4_1_tot_1_39,imaging_net_tow
20210526,21:18:00,Night,48.74331667,48.743317,48.834817,-14.878217,-14.878217,-15.10875,50,50,0,90,10,510700,-9999,-9999,visual,-9999,-9999,-9999,"Gonostomatidae Cocco, 1838",urn:lsid:marinespecies.org:taxname:125601,Gonostomatidae,33.92724,-9999,0.343238657,0.343238657,-9999,-9999,209010_5000_1_4_1_tot_1_47,imaging_net_tow
20210526,21:18:00,Night,48.74331667,48.743317,48.834817,-14.878217,-14.878217,-15.10875,50,50,0,90,10,510700,-9999,-9999,visual,-9999,-9999,-9999,"Myctophidae Gill, 1893",urn:lsid:marinespecies.org:taxname:125498,Myctophidae,29.4423,-9999,0.295476096,0.295476096,-9999,-9999,209010_5000_1_4_1_tot_1_51,imaging_net_tow
20210526,21:18:00,Night,48.74331667,48.743317,48.834817,-14.878217,-14.878217,-15.10875,50,50,0,90,10,510700,-9999,-9999,visual,-9999,-9999,-9999,"Myctophidae Gill, 1893",urn:lsid:marinespecies.org:taxname:125498,Myctophidae,29.4423,-9999,0.295476096,0.295476096,-9999,-9999,209010_5000_1_4_1_tot_1_51,imaging_net_tow
20210526,21:18:00,Night,48.74331667,48.743317,48.834817,-14.878217,-14.878217,-15.10875,50,50,0,90,10,510700,-9999,-9999,visual,-9999,-9999,-9999,"Myctophidae Gill, 1893",urn:lsid:marinespecies.org:taxname:125498,Myctophidae,29.4423,-9999,0.295476096,0.295476096,-9999,-9999,209010_5000_1_4_1_tot_1_51,imaging_net_tow
20210526,21:18:00,Night,48.74331667,48.743317,48.834817,-14.878217,-14.878217,-15.10875,50,50,0,90,10,510700,-9999,-9999,visual,-9999,-9999,-9999,"Myctophidae Gill, 1893",urn:lsid:marinespecies.org:taxname:125498,Myctophidae,29.4423,-9999,0.295476096,0.295476096,-9999,-9999,209010_5000_1_4_1_tot_1_51,imaging_net_tow
20210526,21:18:00,Night,48.74331667,48.743317,48.834817,-14.878217,-14.878217,-15.10875,50,50,0,90,10,510700,-9999,-9999,visual,-9999,-9999,-9999,"Myctophidae Gill, 1893",urn:lsid:marinespecies.org:taxname:125498,Myctophidae,16.66578,-9999,0.050327965,0.050327965,-9999,-9999,209010_5000_1_4_1_tot_1_52,imaging_net_tow
20210526,21:18:00,Night,48.74331667,48.743317,48.834817,-14.878217,-14.878217,-15.10875,50,50,0,90,10,510700,-9999,-9999,visual,-9999,-9999,-9999,"Myctophidae Gill, 1893",urn:lsid:marinespecies.org:taxname:125498,Myctophidae,16.66578,-9999,0.050327965,0.050327965,-9999,-9999,209010_5000_1_4_1_tot_1_52,imaging_net_tow
20210526,21:18:00,Night,48.74331667,48.743317,48.834817,-14.878217,-14.878217,-15.10875,50,50,0,90,10,510700,-9999,-9999,visual,-9999,-9999,-9999,"Myctophidae Gill, 1893",urn:lsid:marinespecies.org:taxname:125498,Myctophidae,16.66578,-9999,0.050327965,0.050327965,-9999,-9999,209010_5000_1_4_1_tot_1_52,imaging_net_tow
20210526,21:18:00,Night,48.74331667,48.743317,48.834817,-14.878217,-14.878217,-15.10875,50,50,0,90,10,510700,-9999,-9999,visual,-9999,-9999,-9999,"Myctophidae Gill, 1893",urn:lsid:marinespecies.org:taxname:125498,Myctophidae,16.66578,-9999,0.050327965,0.050327965,-9999,-9999,209010_5000_1_4_1_tot_1_52,imaging_net_tow
20210526,21:18:00,Night,48.74331667,48.743317,48.834817,-14.878217,-14.878217,-15.10875,50,50,0,90,10,510700,-9999,-9999,visual,-9999,-9999,-9999,"Myctophidae Gill, 1893",urn:lsid:marinespecies.org:taxname:125498,Myctophidae,12.93462,-9999,0.022879476,0.022879476,-9999,-9999,209010_5000_1_4_1_tot_1_60,imaging_net_tow
20210526,21:18:00,Night,48.74331667,48.743317,48.834817,-14.878217,-14.878217,-15.10875,50,50,0,90,10,510700,-9999,-9999,visual,-9999,-9999,-9999,"Myctophidae Gill, 1893",urn:lsid:marinespecies.org:taxname:125498,Myctophidae,12.93462,-9999,0.022879476,0.022879476,-9999,-9999,209010_5000_1_4_1_tot_1_60,imaging_net_tow
20210526,21:18:00,Night,48.74331667,48.743317,48.834817,-14.878217,-14.878217,-15.10875,50,50,0,90,10,510700,-9999,-9999,visual,-9999,-9999,-9999,"Myctophidae Gill, 1893",urn:lsid:marinespecies.org:taxname:125498,Myctophidae,12.93462,-9999,0.022879476,0.022879476,-9999,-9999,209010_5000_1_4_1_tot_1_60,imaging_net_tow
20210526,21:18:00,Night,48.74331667,48.743317,48.834817,-14.878217,-14.878217,-15.10875,50,50,0,90,10,510700,-9999,-9999,visual,-9999,-9999,-9999,"Myctophidae Gill, 1893",urn:lsid:marinespecies.org:taxname:125498,Myctophidae,12.93462,-9999,0.022879476,0.022879476,-9999,-9999,209010_5000_1_4_1_tot_1_60,imaging_net_tow
20210526,21:18:00,Night,48.74331667,48.743317,48.834817,-14.878217,-14.878217,-15.10875,50,50,0,90,10,510700,-9999,-9999,visual,-9999,-9999,-9999,"Myctophidae Gill, 1893",urn:lsid:marinespecies.org:taxname:125498,Myctophidae,30.00738,-9999,0.313474735,0.313474735,-9999,-9999,209010_5000_1_4_1_tot_1_63,imaging_net_tow
20210526,21:18:00,Night,48.74331667,48.743317,48.834817,-14.878217,-14.878217,-15.10875,50,50,0,90,10,510700,-9999,-9999,visual,-9999,-9999,-9999,"Myctophidae Gill, 1893",urn:lsid:marinespecies.org:taxname:125498,Myctophidae,30.00738,-9999,0.313474735,0.313474735,-9999,-9999,209010_5000_1_4_1_tot_1_63,imaging_net_tow
20210526,21:18:00,Night,48.74331667,48.743317,48.834817,-14.878217,-14.878217,-15.10875,50,50,0,90,10,510700,-9999,-9999,visual,-9999,-9999,-9999,"Myctophidae Gill, 1893",urn:lsid:marinespecies.org:taxname:125498,Myctophidae,30.00738,-9999,0.313474735,0.313474735,-9999,-9999,209010_5000_1_4_1_tot_1_63,imaging_net_tow
20210526,21:18:00,Night,48.74331667,48.743317,48.834817,-14.878217,-14.878217,-15.10875,50,50,0,90,10,510700,-9999,-9999,visual,-9999,-9999,-9999,"Myctophidae Gill, 1893",urn:lsid:marinespecies.org:taxname:125498,Myctophidae,30.00738,-9999,0.313474735,0.313474735,-9999,-9999,209010_5000_1_4_1_tot_1_63,imaging_net_tow
20210526,21:18:00,Night,48.74331667,48.743317,48.834817,-14.878217,-14.878217,-15.10875,50,50,0,90,10,510700,-9999,-9999,visual,-9999,-9999,-9999,"Myctophidae Gill, 1893",urn:lsid:marinespecies.org:taxname:125498,Myctophidae,29.65548,-9999,0.302181452,0.302181452,-9999,-9999,209010_5000_1_4_1_tot_1_64,imaging_net_tow
20210526,21:18:00,Night,48.74331667,48.743317,48.834817,-14.878217,-14.878217,-15.10875,50,50,0,90,10,510700,-9999,-9999,visual,-9999,-9999,-9999,"Myctophidae Gill, 1893",urn:lsid:marinespecies.org:taxname:125498,Myctophidae,29.65548,-9999,0.302181452,0.302181452,-9999,-9999,209010_5000_1_4_1_tot_1_64,imaging_net_tow
20210526,21:18:00,Night,48.74331667,48.743317,48.834817,-14.878217,-14.878217,-15.10875,50,50,0,90,10,510700,-9999,-9999,visual,-9999,-9999,-9999,"Myctophidae Gill, 1893",urn:lsid:marinespecies.org:taxname:125498,Myctophidae,29.65548,-9999,0.302181452,0.302181452,-9999,-9999,209010_5000_1_4_1_tot_1_64,imaging_net_tow
20210526,21:18:00,Night,48.74331667,48.743317,48.834817,-14.878217,-14.878217,-15.10875,50,50,0,90,10,510700,-9999,-9999,visual,-9999,-9999,-9999,"Myctophidae Gill, 1893",urn:lsid:marinespecies.org:taxname:125498,Myctophidae,29.65548,-9999,0.302181452,0.302181452,-9999,-9999,209010_5000_1_4_1_tot_1_64,imaging_net_tow
20210517,22:25:00,Night,48.93951667,48.939517,48.992517,-14.84025,-14.84025,-15.045833,50,50,0,48,10,443400,-9999,-9999,visual,-9999,-9999,-9999,"Myctophidae Gill, 1893",urn:lsid:marinespecies.org:taxname:125498,Myctophidae,13.96074,-9999,0.029011439,0.029011439,-9999,-9999,jc0214_m48_n10_5000_1_34,imaging_net_tow
20210517,22:25:00,Night,48.93951667,48.939517,48.992517,-14.84025,-14.84025,-15.045833,50,50,0,48,10,443400,-9999,-9999,visual,-9999,-9999,-9999,"Myctophidae Gill, 1893",urn:lsid:marinespecies.org:taxname:125498,Myctophidae,13.96074,-9999,0.029011439,0.029011439,-9999,-9999,jc0214_m48_n10_5000_1_34,imaging_net_tow
20210517,22:25:00,Night,48.93951667,48.939517,48.992517,-14.84025,-14.84025,-15.045833,50,50,0,48,10,443400,-9999,-9999,visual,-9999,-9999,-9999,"Myctophidae Gill, 1893",urn:lsid:marinespecies.org:taxname:125498,Myctophidae,13.96074,-9999,0.029011439,0.029011439,-9999,-9999,jc0214_m48_n10_5000_1_34,imaging_net_tow
20210517,22:25:00,Night,48.93951667,48.939517,48.992517,-14.84025,-14.84025,-15.045833,50,50,0,48,10,443400,-9999,-9999,visual,-9999,-9999,-9999,"Myctophidae Gill, 1893",urn:lsid:marinespecies.org:taxname:125498,Myctophidae,13.96074,-9999,0.029011439,0.029011439,-9999,-9999,jc0214_m48_n10_5000_1_34,imaging_net_tow
20210506,10:53:00,Day,48.935908,48.935908,48.969083,-14.803497,-14.803497,-15.042867,1000,1000,750,10,2,1971800,10.585,35.437,visual,-9999,-9999,-9999,"Gonostomatidae Cocco, 1838",urn:lsid:marinespecies.org:taxname:125601,Gonostomatidae,38.86,-9999,0.515327507,0.515327507,-9999,-9999,-9999,imaging_net_tow
20210506,10:53:00,Day,48.935908,48.935908,48.969083,-14.803497,-14.803497,-15.042867,1000,1000,750,10,2,1971800,10.585,35.437,visual,-9999,-9999,-9999,"Gonostomatidae Cocco, 1838",urn:lsid:marinespecies.org:taxname:125601,Gonostomatidae,44.61,-9999,0.778914387,0.778914387,-9999,-9999,-9999,imaging_net_tow
20210506,10:53:00,Day,48.935908,48.935908,48.969083,-14.803497,-14.803497,-15.042867,1000,1000,750,10,2,1971800,10.585,35.437,visual,-9999,-9999,-9999,"Gonostomatidae Cocco, 1838",urn:lsid:marinespecies.org:taxname:125601,Gonostomatidae,41.74,-9999,0.638314069,0.638314069,-9999,-9999,-9999,imaging_net_tow
20210506,10:53:00,Day,48.935908,48.935908,48.969083,-14.803497,-14.803497,-15.042867,1000,1000,750,10,2,1971800,10.585,35.437,visual,-9999,-9999,-9999,"Gonostomatidae Cocco, 1838",urn:lsid:marinespecies.org:taxname:125601,Gonostomatidae,40.54,-9999,0.584936931,0.584936931,-9999,-9999,-9999,imaging_net_tow
20210506,10:53:00,Day,48.935908,48.935908,48.969083,-14.803497,-14.803497,-15.042867,1000,1000,750,10,2,1971800,10.585,35.437,visual,-9999,-9999,-9999,"Gonostomatidae Cocco, 1838",urn:lsid:marinespecies.org:taxname:125601,Gonostomatidae,42.18,-9999,0.658669857,0.658669857,-9999,-9999,-9999,imaging_net_tow
20210506,10:53:00,Day,48.935908,48.935908,48.969083,-14.803497,-14.803497,-15.042867,1000,1000,750,10,2,1971800,10.585,35.437,visual,-9999,-9999,-9999,"Gonostomatidae Cocco, 1838",urn:lsid:marinespecies.org:taxname:125601,Gonostomatidae,38.9,-9999,0.516917092,0.516917092,-9999,-9999,-9999,imaging_net_tow
20210506,10:53:00,Day,48.935908,48.935908,48.969083,-14.803497,-14.803497,-15.042867,1000,1000,750,10,2,1971800,10.585,35.437,visual,-9999,-9999,-9999,"Gonostomatidae Cocco, 1838",urn:lsid:marinespecies.org:taxname:125601,Gonostomatidae,45.34,-9999,0.817697527,0.817697527,-9999,-9999,-9999,imaging_net_tow
20210506,10:53:00,Day,48.935908,48.935908,48.969083,-14.803497,-14.803497,-15.042867,1000,1000,750,10,2,1971800,10.585,35.437,visual,-9999,-9999,-9999,"Gonostomatidae Cocco, 1838",urn:lsid:marinespecies.org:taxname:125601,Gonostomatidae,31.64,-9999,0.278517943,0.278517943,-9999,-9999,-9999,imaging_net_tow
20210506,10:53:00,Day,48.935908,48.935908,48.969083,-14.803497,-14.803497,-15.042867,1000,1000,750,10,2,1971800,10.585,35.437,visual,-9999,-9999,-9999,"Gonostomatidae Cocco, 1838",urn:lsid:marinespecies.org:taxname:125601,Gonostomatidae,33.39,-9999,0.327223158,0.327223158,-9999,-9999,-9999,imaging_net_tow
20210506,10:53:00,Day,48.935908,48.935908,48.969083,-14.803497,-14.803497,-15.042867,1000,1000,750,10,2,1971800,10.585,35.437,visual,-9999,-9999,-9999,"Gonostomatidae Cocco, 1838",urn:lsid:marinespecies.org:taxname:125601,Gonostomatidae,35.79,-9999,0.402798439,0.402798439,-9999,-9999,-9999,imaging_net_tow
20210506,10:53:00,Day,48.935908,48.935908,48.969083,-14.803497,-14.803497,-15.042867,1000,1000,750,10,2,1971800,10.585,35.437,visual,-9999,-9999,-9999,"Gonostomatidae Cocco, 1838",urn:lsid:marinespecies.org:taxname:125601,Gonostomatidae,57.72,-9999,1.684453461,1.684453461,-9999,-9999,-9999,imaging_net_tow
20210506,10:53:00,Day,48.935908,48.935908,48.969083,-14.803497,-14.803497,-15.042867,1000,1000,750,10,2,1971800,10.585,35.437,visual,-9999,-9999,-9999,"Gonostomatidae Cocco, 1838",urn:lsid:marinespecies.org:taxname:125601,Gonostomatidae,57.26,-9999,1.644584616,1.644584616,-9999,-9999,-9999,imaging_net_tow
20210506,10:53:00,Day,48.935908,48.935908,48.969083,-14.803497,-14.803497,-15.042867,1000,1000,750,10,2,1971800,10.585,35.437,visual,-9999,-9999,-9999,"Gonostomatidae Cocco, 1838",urn:lsid:marinespecies.org:taxname:125601,Gonostomatidae,44.96,-9999,0.797352456,0.797352456,-9999,-9999,-9999,imaging_net_tow
20210506,10:53:00,Day,48.935908,48.935908,48.969083,-14.803497,-14.803497,-15.042867,1000,1000,750,10,2,1971800,10.585,35.437,visual,-9999,-9999,-9999,"Gonostomatidae Cocco, 1838",urn:lsid:marinespecies.org:taxname:125601,Gonostomatidae,46.41,-9999,0.876835838,0.876835838,-9999,-9999,-9999,imaging_net_tow
20210506,10:53:00,Day,48.935908,48.935908,48.969083,-14.803497,-14.803497,-15.042867,1000,1000,750,10,2,1971800,10.585,35.437,visual,-9999,-9999,-9999,"Gonostomatidae Cocco, 1838",urn:lsid:marinespecies.org:taxname:125601,Gonostomatidae,48.77,-9999,1.017195873,1.017195873,-9999,-9999,-9999,imaging_net_tow
20210506,10:53:00,Day,48.935908,48.935908,48.969083,-14.803497,-14.803497,-15.042867,1000,1000,750,10,2,1971800,10.585,35.437,visual,-9999,-9999,-9999,"Gonostomatidae Cocco, 1838",urn:lsid:marinespecies.org:taxname:125601,Gonostomatidae,53.02,-9999,1.306273951,1.306273951,-9999,-9999,-9999,imaging_net_tow
20210506,10:53:00,Day,48.935908,48.935908,48.969083,-14.803497,-14.803497,-15.042867,1000,1000,750,10,2,1971800,10.585,35.437,visual,-9999,-9999,-9999,"Gonostomatidae Cocco, 1838",urn:lsid:marinespecies.org:taxname:125601,Gonostomatidae,32.89,-9999,0.312772203,0.312772203,-9999,-9999,-9999,imaging_net_tow
20210506,10:53:00,Day,48.935908,48.935908,48.969083,-14.803497,-14.803497,-15.042867,1000,1000,750,10,2,1971800,10.585,35.437,visual,-9999,-9999,-9999,"Gonostomatidae Cocco, 1838",urn:lsid:marinespecies.org:taxname:125601,Gonostomatidae,47.17,-9999,0.920526434,0.920526434,-9999,-9999,-9999,imaging_net_tow
20210506,10:53:00,Day,48.935908,48.935908,48.969083,-14.803497,-14.803497,-15.042867,750,750,500,10,3,1894200,10.861,35.461,visual,-9999,-9999,-9999,"Gonostomatidae Cocco, 1838",urn:lsid:marinespecies.org:taxname:125601,Gonostomatidae,31.99,-9999,0.287843237,0.287843237,-9999,-9999,-9999,imaging_net_tow
20210506,10:53:00,Day,48.935908,48.935908,48.969083,-14.803497,-14.803497,-15.042867,750,750,500,10,3,1894200,10.861,35.461,visual,-9999,-9999,-9999,"Gonostomatidae Cocco, 1838",urn:lsid:marinespecies.org:taxname:125601,Gonostomatidae,21.86,-9999,0.092069866,0.092069866,-9999,-9999,-9999,imaging_net_tow
20210506,10:53:00,Day,48.935908,48.935908,48.969083,-14.803497,-14.803497,-15.042867,750,750,500,10,3,1894200,10.861,35.461,visual,-9999,-9999,-9999,"Gonostomatidae Cocco, 1838",urn:lsid:marinespecies.org:taxname:125601,Gonostomatidae,28.78,-9999,0.209738574,0.209738574,-9999,-9999,-9999,imaging_net_tow
20210506,10:53:00,Day,48.935908,48.935908,48.969083,-14.803497,-14.803497,-15.042867,750,750,500,10,3,1894200,10.861,35.461,visual,-9999,-9999,-9999,"Gonostomatidae Cocco, 1838",urn:lsid:marinespecies.org:taxname:125601,Gonostomatidae,29.81,-9999,0.23302073,0.23302073,-9999,-9999,-9999,imaging_net_tow
20210506,10:53:00,Day,48.935908,48.935908,48.969083,-14.803497,-14.803497,-15.042867,750,750,500,10,3,1894200,10.861,35.461,visual,-9999,-9999,-9999,"Gonostomatidae Cocco, 1838",urn:lsid:marinespecies.org:taxname:125601,Gonostomatidae,32.97,-9999,0.315055196,0.315055196,-9999,-9999,-9999,imaging_net_tow
20210506,10:53:00,Day,48.935908,48.935908,48.969083,-14.803497,-14.803497,-15.042867,750,750,500,10,3,1894200,10.861,35.461,visual,-9999,-9999,-9999,"Myctophidae Gill, 1893",urn:lsid:marinespecies.org:taxname:125498,Myctophidae,27.77,-9999,0.246338412,0.246338412,-9999,-9999,-9999,imaging_net_tow
20210506,10:53:00,Day,48.935908,48.935908,48.969083,-14.803497,-14.803497,-15.042867,750,750,500,10,3,1894200,10.861,35.461,visual,-9999,-9999,-9999,"Myctophidae Gill, 1893",urn:lsid:marinespecies.org:taxname:125498,Myctophidae,22.51,-9999,0.128193567,0.128193567,-9999,-9999,-9999,imaging_net_tow
20210506,10:53:00,Day,48.935908,48.935908,48.969083,-14.803497,-14.803497,-15.042867,750,750,500,10,3,1894200,10.861,35.461,visual,-9999,-9999,-9999,"Myctophidae Gill, 1893",urn:lsid:marinespecies.org:taxname:125498,Myctophidae,22.81,-9999,0.133582677,0.133582677,-9999,-9999,-9999,imaging_net_tow
20210506,10:53:00,Day,48.935908,48.935908,48.969083,-14.803497,-14.803497,-15.042867,500,500,400,10,4,720500,10.858,35.461,visual,-9999,-9999,-9999,"Sternoptychidae Duméril, 1805",urn:lsid:marinespecies.org:taxname:125603,Sternoptychidae,24.33,-9999,0.20199655,0.20199655,-9999,-9999,-9999,imaging_net_tow
20210506,10:53:00,Day,48.935908,48.935908,48.969083,-14.803497,-14.803497,-15.042867,500,500,400,10,4,720500,10.858,35.461,visual,-9999,-9999,-9999,"Sternoptychidae Duméril, 1805",urn:lsid:marinespecies.org:taxname:125603,Sternoptychidae,24.73,-9999,0.211998728,0.211998728,-9999,-9999,-9999,imaging_net_tow
20210506,10:53:00,Day,48.935908,48.935908,48.969083,-14.803497,-14.803497,-15.042867,500,500,400,10,4,720500,10.858,35.461,visual,-9999,-9999,-9999,"Sternoptychidae Duméril, 1805",urn:lsid:marinespecies.org:taxname:125603,Sternoptychidae,21.42,-9999,0.138478211,0.138478211,-9999,-9999,-9999,imaging_net_tow
20210506,10:53:00,Day,48.935908,48.935908,48.969083,-14.803497,-14.803497,-15.042867,50,50,0,10,10,528200,-9999,-9999,visual,-9999,-9999,-9999,"Gonostomatidae Cocco, 1838",urn:lsid:marinespecies.org:taxname:125601,Gonostomatidae,32.43,-9999,0.299858492,0.299858492,-9999,-9999,-9999,imaging_net_tow
20210506,21:30:00,Night,48.96875,48.96875,48.974883,-14.8018,-14.8018,-15.035733,1000,1000,750,11,2,2016000,10.595,35.417,visual,-9999,-9999,-9999,"Gonostomatidae Cocco, 1838",urn:lsid:marinespecies.org:taxname:125601,Gonostomatidae,57.11,-9999,1.631721109,1.631721109,-9999,-9999,-9999,imaging_net_tow
20210506,21:30:00,Night,48.96875,48.96875,48.974883,-14.8018,-14.8018,-15.035733,1000,1000,750,11,2,2016000,10.595,35.417,visual,-9999,-9999,-9999,"Gonostomatidae Cocco, 1838",urn:lsid:marinespecies.org:taxname:125601,Gonostomatidae,42.4,-9999,0.669007885,0.669007885,-9999,-9999,-9999,imaging_net_tow
20210506,21:30:00,Night,48.96875,48.96875,48.974883,-14.8018,-14.8018,-15.035733,1000,1000,750,11,2,2016000,10.595,35.417,visual,-9999,-9999,-9999,"Gonostomatidae Cocco, 1838",urn:lsid:marinespecies.org:taxname:125601,Gonostomatidae,29.18,-9999,0.218586636,0.218586636,-9999,-9999,-9999,imaging_net_tow
20210506,21:30:00,Night,48.96875,48.96875,48.974883,-14.8018,-14.8018,-15.035733,1000,1000,750,11,2,2016000,10.595,35.417,visual,-9999,-9999,-9999,"Gonostomatidae Cocco, 1838",urn:lsid:marinespecies.org:taxname:125601,Gonostomatidae,26.16,-9999,0.157609832,0.157609832,-9999,-9999,-9999,imaging_net_tow
20210506,21:30:00,Night,48.96875,48.96875,48.974883,-14.8018,-14.8018,-15.035733,1000,1000,750,11,2,2016000,10.595,35.417,visual,-9999,-9999,-9999,"Gonostomatidae Cocco, 1838",urn:lsid:marinespecies.org:taxname:125601,Gonostomatidae,43.65,-9999,0.729803605,0.729803605,-9999,-9999,-9999,imaging_net_tow
20210506,21:30:00,Night,48.96875,48.96875,48.974883,-14.8018,-14.8018,-15.035733,1000,1000,750,11,2,2016000,10.595,35.417,visual,-9999,-9999,-9999,"Gonostomatidae Cocco, 1838",urn:lsid:marinespecies.org:taxname:125601,Gonostomatidae,33.52,-9999,0.331051874,0.331051874,-9999,-9999,-9999,imaging_net_tow
20210506,21:30:00,Night,48.96875,48.96875,48.974883,-14.8018,-14.8018,-15.035733,1000,1000,750,11,2,2016000,10.595,35.417,visual,-9999,-9999,-9999,"Gonostomatidae Cocco, 1838",urn:lsid:marinespecies.org:taxname:125601,Gonostomatidae,32.1,-9999,0.290816409,0.290816409,-9999,-9999,-9999,imaging_net_tow
20210506,21:30:00,Night,48.96875,48.96875,48.974883,-14.8018,-14.8018,-15.035733,1000,1000,750,11,2,2016000,10.595,35.417,visual,-9999,-9999,-9999,"Gonostomatidae Cocco, 1838",urn:lsid:marinespecies.org:taxname:125601,Gonostomatidae,31.19,-9999,0.266826845,0.266826845,-9999,-9999,-9999,imaging_net_tow
20210506,21:30:00,Night,48.96875,48.96875,48.974883,-14.8018,-14.8018,-15.035733,1000,1000,750,11,2,2016000,10.595,35.417,visual,-9999,-9999,-9999,"Gonostomatidae Cocco, 1838",urn:lsid:marinespecies.org:taxname:125601,Gonostomatidae,38.83,-9999,0.514137456,0.514137456,-9999,-9999,-9999,imaging_net_tow
20210506,21:30:00,Night,48.96875,48.96875,48.974883,-14.8018,-14.8018,-15.035733,1000,1000,750,11,2,2016000,10.595,35.417,visual,-9999,-9999,-9999,"Gonostomatidae Cocco, 1838",urn:lsid:marinespecies.org:taxname:125601,Gonostomatidae,36.97,-9999,0.443875593,0.443875593,-9999,-9999,-9999,imaging_net_tow
20210506,21:30:00,Night,48.96875,48.96875,48.974883,-14.8018,-14.8018,-15.035733,1000,1000,750,11,2,2016000,10.595,35.417,visual,-9999,-9999,-9999,"Gonostomatidae Cocco, 1838",urn:lsid:marinespecies.org:taxname:125601,Gonostomatidae,27.22,-9999,0.177510696,0.177510696,-9999,-9999,-9999,imaging_net_tow
20210506,21:30:00,Night,48.96875,48.96875,48.974883,-14.8018,-14.8018,-15.035733,1000,1000,750,11,2,2016000,10.595,35.417,visual,-9999,-9999,-9999,"Gonostomatidae Cocco, 1838",urn:lsid:marinespecies.org:taxname:125601,Gonostomatidae,32.54,-9999,0.302913606,0.302913606,-9999,-9999,-9999,imaging_net_tow
20210506,21:30:00,Night,48.96875,48.96875,48.974883,-14.8018,-14.8018,-15.035733,1000,1000,750,11,2,2016000,10.595,35.417,visual,-9999,-9999,-9999,"Gonostomatidae Cocco, 1838",urn:lsid:marinespecies.org:taxname:125601,Gonostomatidae,33.42,-9999,0.328104076,0.328104076,-9999,-9999,-9999,imaging_net_tow
20210506,21:30:00,Night,48.96875,48.96875,48.974883,-14.8018,-14.8018,-15.035733,750,750,500,11,3,1373700,10.86,35.441,visual,-9999,-9999,-9999,"Gonostomatidae Cocco, 1838",urn:lsid:marinespecies.org:taxname:125601,Gonostomatidae,29.27,-9999,0.220611115,0.220611115,-9999,-9999,-9999,imaging_net_tow
20210506,21:30:00,Night,48.96875,48.96875,48.974883,-14.8018,-14.8018,-15.035733,750,750,500,11,3,1373700,10.86,35.441,visual,-9999,-9999,-9999,"Gonostomatidae Cocco, 1838",urn:lsid:marinespecies.org:taxname:125601,Gonostomatidae,32.74,-9999,0.308521336,0.308521336,-9999,-9999,-9999,imaging_net_tow
20210506,21:30:00,Night,48.96875,48.96875,48.974883,-14.8018,-14.8018,-15.035733,750,750,500,11,3,1373700,10.86,35.441,visual,-9999,-9999,-9999,"Myctophidae Gill, 1893",urn:lsid:marinespecies.org:taxname:125498,Myctophidae,25.46,-9999,0.188025714,0.188025714,-9999,-9999,-9999,imaging_net_tow
20210507,2:02:00,Night,48.97581667,48.975817,48.976533,-15.067583,-15.067583,-15.091967,50,50,0,11,10,523900,-9999,-9999,visual,-9999,-9999,-9999,"Myctophidae Gill, 1893",urn:lsid:marinespecies.org:taxname:125498,Myctophidae,25.52,-9999,0.18940737,0.18940737,-9999,-9999,-9999,imaging_net_tow
20210507,2:02:00,Night,48.97581667,48.975817,48.976533,-15.067583,-15.067583,-15.091967,50,50,0,11,10,523900,-9999,-9999,visual,-9999,-9999,-9999,"Myctophidae Gill, 1893",urn:lsid:marinespecies.org:taxname:125498,Myctophidae,23.79,-9999,0.152255774,0.152255774,-9999,-9999,-9999,imaging_net_tow
20210507,2:02:00,Night,48.97581667,48.975817,48.976533,-15.067583,-15.067583,-15.091967,50,50,0,11,10,523900,-9999,-9999,visual,-9999,-9999,-9999,"Myctophidae Gill, 1893",urn:lsid:marinespecies.org:taxname:125498,Myctophidae,21.93,-9999,0.118196474,0.118196474,-9999,-9999,-9999,imaging_net_tow
20210507,2:02:00,Night,48.97581667,48.975817,48.976533,-15.067583,-15.067583,-15.091967,50,50,0,11,10,523900,-9999,-9999,visual,-9999,-9999,-9999,"Myctophidae Gill, 1893",urn:lsid:marinespecies.org:taxname:125498,Myctophidae,26.19,-9999,0.205306844,0.205306844,-9999,-9999,-9999,imaging_net_tow
20210507,2:02:00,Night,48.97581667,48.975817,48.976533,-15.067583,-15.067583,-15.091967,50,50,0,11,10,523900,-9999,-9999,visual,-9999,-9999,-9999,"Myctophidae Gill, 1893",urn:lsid:marinespecies.org:taxname:125498,Myctophidae,31.18,-9999,0.353170075,0.353170075,-9999,-9999,-9999,imaging_net_tow
20210507,2:02:00,Night,48.97581667,48.975817,48.976533,-15.067583,-15.067583,-15.091967,50,50,0,11,10,523900,-9999,-9999,visual,-9999,-9999,-9999,"Myctophidae Gill, 1893",urn:lsid:marinespecies.org:taxname:125498,Myctophidae,27.84,-9999,0.248274921,0.248274921,-9999,-9999,-9999,imaging_net_tow
20210507,2:02:00,Night,48.97581667,48.975817,48.976533,-15.067583,-15.067583,-15.091967,50,50,0,11,10,523900,-9999,-9999,visual,-9999,-9999,-9999,"Myctophidae Gill, 1893",urn:lsid:marinespecies.org:taxname:125498,Myctophidae,21.99,-9999,0.119205218,0.119205218,-9999,-9999,-9999,imaging_net_tow
20210507,2:02:00,Night,48.97581667,48.975817,48.976533,-15.067583,-15.067583,-15.091967,50,50,0,11,10,523900,-9999,-9999,visual,-9999,-9999,-9999,"Myctophidae Gill, 1893",urn:lsid:marinespecies.org:taxname:125498,Myctophidae,24.71,-9999,0.17132755,0.17132755,-9999,-9999,-9999,imaging_net_tow
20210507,2:02:00,Night,48.97581667,48.975817,48.976533,-15.067583,-15.067583,-15.091967,50,50,0,11,10,523900,-9999,-9999,visual,-9999,-9999,-9999,"Myctophidae Gill, 1893",urn:lsid:marinespecies.org:taxname:125498,Myctophidae,27.64,-9999,0.242769275,0.242769275,-9999,-9999,-9999,imaging_net_tow
20210507,2:02:00,Night,48.97581667,48.975817,48.976533,-15.067583,-15.067583,-15.091967,50,50,0,11,10,523900,-9999,-9999,visual,-9999,-9999,-9999,"Myctophidae Gill, 1893",urn:lsid:marinespecies.org:taxname:125498,Myctophidae,22.39,-9999,0.126079896,0.126079896,-9999,-9999,-9999,imaging_net_tow
20210507,2:02:00,Night,48.97581667,48.975817,48.976533,-15.067583,-15.067583,-15.091967,50,50,0,11,10,523900,-9999,-9999,visual,-9999,-9999,-9999,"Myctophidae Gill, 1893",urn:lsid:marinespecies.org:taxname:125498,Myctophidae,26.73,-9999,0.218762042,0.218762042,-9999,-9999,-9999,imaging_net_tow
20210507,2:02:00,Night,48.97581667,48.975817,48.976533,-15.067583,-15.067583,-15.091967,50,50,0,11,10,523900,-9999,-9999,visual,-9999,-9999,-9999,"Myctophidae Gill, 1893",urn:lsid:marinespecies.org:taxname:125498,Myctophidae,18.34,-9999,0.067782635,0.067782635,-9999,-9999,-9999,imaging_net_tow
20210507,2:02:00,Night,48.97581667,48.975817,48.976533,-15.067583,-15.067583,-15.091967,50,50,0,11,10,523900,-9999,-9999,visual,-9999,-9999,-9999,"Myctophidae Gill, 1893",urn:lsid:marinespecies.org:taxname:125498,Myctophidae,34.43,-9999,0.48074943,0.48074943,-9999,-9999,-9999,imaging_net_tow
20210507,2:02:00,Night,48.97581667,48.975817,48.976533,-15.067583,-15.067583,-15.091967,50,50,0,11,10,523900,-9999,-9999,visual,-9999,-9999,-9999,"Myctophidae Gill, 1893",urn:lsid:marinespecies.org:taxname:125498,Myctophidae,35.65,-9999,0.535741405,0.535741405,-9999,-9999,-9999,imaging_net_tow
20210507,2:02:00,Night,48.97581667,48.975817,48.976533,-15.067583,-15.067583,-15.091967,50,50,0,11,10,523900,-9999,-9999,visual,-9999,-9999,-9999,"Myctophidae Gill, 1893",urn:lsid:marinespecies.org:taxname:125498,Myctophidae,26.74,-9999,0.219016698,0.219016698,-9999,-9999,-9999,imaging_net_tow
20210507,2:02:00,Night,48.97581667,48.975817,48.976533,-15.067583,-15.067583,-15.091967,50,50,0,11,10,523900,-9999,-9999,visual,-9999,-9999,-9999,"Myctophidae Gill, 1893",urn:lsid:marinespecies.org:taxname:125498,Myctophidae,25.73,-9999,0.194297406,0.194297406,-9999,-9999,-9999,imaging_net_tow
20210507,2:02:00,Night,48.97581667,48.975817,48.976533,-15.067583,-15.067583,-15.091967,50,50,0,11,10,523900,-9999,-9999,visual,-9999,-9999,-9999,"Myctophidae Gill, 1893",urn:lsid:marinespecies.org:taxname:125498,Myctophidae,37.78,-9999,0.641717342,0.641717342,-9999,-9999,-9999,imaging_net_tow
20210507,2:02:00,Night,48.97581667,48.975817,48.976533,-15.067583,-15.067583,-15.091967,50,50,0,11,10,523900,-9999,-9999,visual,-9999,-9999,-9999,"Myctophidae Gill, 1893",urn:lsid:marinespecies.org:taxname:125498,Myctophidae,19.55,-9999,0.082684273,0.082684273,-9999,-9999,-9999,imaging_net_tow
20210507,2:02:00,Night,48.97581667,48.975817,48.976533,-15.067583,-15.067583,-15.091967,50,50,0,11,10,523900,-9999,-9999,visual,-9999,-9999,-9999,"Myctophidae Gill, 1893",urn:lsid:marinespecies.org:taxname:125498,Myctophidae,36.72,-9999,0.58735677,0.58735677,-9999,-9999,-9999,imaging_net_tow
20210507,2:02:00,Night,48.97581667,48.975817,48.976533,-15.067583,-15.067583,-15.091967,50,50,0,11,10,523900,-9999,-9999,visual,-9999,-9999,-9999,"Myctophidae Gill, 1893",urn:lsid:marinespecies.org:taxname:125498,Myctophidae,22.66,-9999,0.130869301,0.130869301,-9999,-9999,-9999,imaging_net_tow
20210507,2:02:00,Night,48.97581667,48.975817,48.976533,-15.067583,-15.067583,-15.091967,50,50,0,11,10,523900,-9999,-9999,visual,-9999,-9999,-9999,"Myctophidae Gill, 1893",urn:lsid:marinespecies.org:taxname:125498,Myctophidae,37.77,-9999,0.641189175,0.641189175,-9999,-9999,-9999,imaging_net_tow
20210507,2:02:00,Night,48.97581667,48.975817,48.976533,-15.067583,-15.067583,-15.091967,50,50,0,11,10,523900,-9999,-9999,visual,-9999,-9999,-9999,"Myctophidae Gill, 1893",urn:lsid:marinespecies.org:taxname:125498,Myctophidae,26.21,-9999,0.205794888,0.205794888,-9999,-9999,-9999,imaging_net_tow
20210507,2:02:00,Night,48.97581667,48.975817,48.976533,-15.067583,-15.067583,-15.091967,50,50,0,11,10,523900,-9999,-9999,visual,-9999,-9999,-9999,"Myctophidae Gill, 1893",urn:lsid:marinespecies.org:taxname:125498,Myctophidae,27.33,-9999,0.234400168,0.234400168,-9999,-9999,-9999,imaging_net_tow
20210507,2:02:00,Night,48.97581667,48.975817,48.976533,-15.067583,-15.067583,-15.091967,50,50,0,11,10,523900,-9999,-9999,visual,-9999,-9999,-9999,"Myctophidae Gill, 1893",urn:lsid:marinespecies.org:taxname:125498,Myctophidae,26.9,-9999,0.223118604,0.223118604,-9999,-9999,-9999,imaging_net_tow
20210507,2:02:00,Night,48.97581667,48.975817,48.976533,-15.067583,-15.067583,-15.091967,50,50,0,11,10,523900,-9999,-9999,visual,-9999,-9999,-9999,"Myctophidae Gill, 1893",urn:lsid:marinespecies.org:taxname:125498,Myctophidae,35.09,-9999,0.509997292,0.509997292,-9999,-9999,-9999,imaging_net_tow
20210507,2:02:00,Night,48.97581667,48.975817,48.976533,-15.067583,-15.067583,-15.091967,50,50,0,11,10,523900,-9999,-9999,visual,-9999,-9999,-9999,"Myctophidae Gill, 1893",urn:lsid:marinespecies.org:taxname:125498,Myctophidae,26.65,-9999,0.216732017,0.216732017,-9999,-9999,-9999,imaging_net_tow
20210507,2:02:00,Night,48.97581667,48.975817,48.976533,-15.067583,-15.067583,-15.091967,50,50,0,11,10,523900,-9999,-9999,visual,-9999,-9999,-9999,"Myctophidae Gill, 1893",urn:lsid:marinespecies.org:taxname:125498,Myctophidae,27.72,-9999,0.244961484,0.244961484,-9999,-9999,-9999,imaging_net_tow
20210507,2:02:00,Night,48.97581667,48.975817,48.976533,-15.067583,-15.067583,-15.091967,50,50,0,11,10,523900,-9999,-9999,visual,-9999,-9999,-9999,"Myctophidae Gill, 1893",urn:lsid:marinespecies.org:taxname:125498,Myctophidae,27.66,-9999,0.243316074,0.243316074,-9999,-9999,-9999,imaging_net_tow
20210507,2:02:00,Night,48.97581667,48.975817,48.976533,-15.067583,-15.067583,-15.091967,50,50,0,11,10,523900,-9999,-9999,visual,-9999,-9999,-9999,"Myctophidae Gill, 1893",urn:lsid:marinespecies.org:taxname:125498,Myctophidae,27.36,-9999,0.23520139,0.23520139,-9999,-9999,-9999,imaging_net_tow
20210507,2:02:00,Night,48.97581667,48.975817,48.976533,-15.067583,-15.067583,-15.091967,50,50,0,11,10,523900,-9999,-9999,visual,-9999,-9999,-9999,"Myctophidae Gill, 1893",urn:lsid:marinespecies.org:taxname:125498,Myctophidae,12.90912,-9999,0.022739472,0.022739472,-9999,-9999,-9999,imaging_net_tow
20210507,2:02:00,Night,48.97581667,48.975817,48.976533,-15.067583,-15.067583,-15.091967,50,50,0,11,10,523900,-9999,-9999,visual,-9999,-9999,-9999,"Myctophidae Gill, 1893",urn:lsid:marinespecies.org:taxname:125498,Myctophidae,12.90912,-9999,0.022739472,0.022739472,-9999,-9999,-9999,imaging_net_tow
20210507,2:02:00,Night,48.97581667,48.975817,48.976533,-15.067583,-15.067583,-15.091967,50,50,0,11,10,523900,-9999,-9999,visual,-9999,-9999,-9999,"Myctophidae Gill, 1893",urn:lsid:marinespecies.org:taxname:125498,Myctophidae,11.14758,-9999,0.014407898,0.014407898,-9999,-9999,-9999,imaging_net_tow
20210507,2:02:00,Night,48.97581667,48.975817,48.976533,-15.067583,-15.067583,-15.091967,50,50,0,11,10,523900,-9999,-9999,visual,-9999,-9999,-9999,"Myctophidae Gill, 1893",urn:lsid:marinespecies.org:taxname:125498,Myctophidae,11.14758,-9999,0.014407898,0.014407898,-9999,-9999,-9999,imaging_net_tow
20210507,2:02:00,Night,48.97581667,48.975817,48.976533,-15.067583,-15.067583,-15.091967,50,50,0,11,10,523900,-9999,-9999,visual,-9999,-9999,-9999,"Myctophidae Gill, 1893",urn:lsid:marinespecies.org:taxname:125498,Myctophidae,12.656,-9999,0.02273947,0.02273947,-9999,-9999,201202_2000_1_8_1_tot_1_181,imaging_net_tow
20210507,2:02:00,Night,48.97581667,48.975817,48.976533,-15.067583,-15.067583,-15.091967,50,50,0,11,10,523900,-9999,-9999,visual,-9999,-9999,-9999,"Myctophidae Gill, 1893",urn:lsid:marinespecies.org:taxname:125498,Myctophidae,12.656,-9999,0.02273947,0.02273947,-9999,-9999,201202_2000_1_8_1_tot_1_181,imaging_net_tow
20210507,2:02:00,Night,48.97581667,48.975817,48.976533,-15.067583,-15.067583,-15.091967,50,50,0,11,10,523900,-9999,-9999,visual,-9999,-9999,-9999,"Myctophidae Gill, 1893",urn:lsid:marinespecies.org:taxname:125498,Myctophidae,10.929,-9999,0.0144079,0.0144079,-9999,-9999,201202_2000_1_8_4_tot_1_247,imaging_net_tow
20210507,2:02:00,Night,48.97581667,48.975817,48.976533,-15.067583,-15.067583,-15.091967,50,50,0,11,10,523900,-9999,-9999,visual,-9999,-9999,-9999,"Myctophidae Gill, 1893",urn:lsid:marinespecies.org:taxname:125498,Myctophidae,10.929,-9999,0.0144079,0.0144079,-9999,-9999,201202_2000_1_8_4_tot_1_247,imaging_net_tow
20210517,10:07:00,Day,48.93581667,48.935817,48.8934,-14.83035,-14.83035,-15.048433,1000,1000,750,47,2,1488100,10.447,35.426,visual,-9999,-9999,-9999,"Gonostomatidae Cocco, 1838",urn:lsid:marinespecies.org:taxname:125601,Gonostomatidae,42.12,-9999,0.655868978,0.655868978,-9999,-9999,-9999,imaging_net_tow
20210517,10:07:00,Day,48.93581667,48.935817,48.8934,-14.83035,-14.83035,-15.048433,1000,1000,750,47,2,1488100,10.447,35.426,visual,-9999,-9999,-9999,"Gonostomatidae Cocco, 1838",urn:lsid:marinespecies.org:taxname:125601,Gonostomatidae,40.48,-9999,0.582349115,0.582349115,-9999,-9999,-9999,imaging_net_tow
20210517,10:07:00,Day,48.93581667,48.935817,48.8934,-14.83035,-14.83035,-15.048433,1000,1000,750,47,2,1488100,10.447,35.426,visual,-9999,-9999,-9999,"Gonostomatidae Cocco, 1838",urn:lsid:marinespecies.org:taxname:125601,Gonostomatidae,33.88,-9999,0.34180992,0.34180992,-9999,-9999,-9999,imaging_net_tow
20210517,10:07:00,Day,48.93581667,48.935817,48.8934,-14.83035,-14.83035,-15.048433,1000,1000,750,47,2,1488100,10.447,35.426,visual,-9999,-9999,-9999,"Gonostomatidae Cocco, 1838",urn:lsid:marinespecies.org:taxname:125601,Gonostomatidae,33.99,-9999,0.345142929,0.345142929,-9999,-9999,-9999,imaging_net_tow
20210517,10:07:00,Day,48.93581667,48.935817,48.8934,-14.83035,-14.83035,-15.048433,1000,1000,750,47,2,1488100,10.447,35.426,visual,-9999,-9999,-9999,"Gonostomatidae Cocco, 1838",urn:lsid:marinespecies.org:taxname:125601,Gonostomatidae,43.93,-9999,0.743907907,0.743907907,-9999,-9999,-9999,imaging_net_tow
20210517,10:07:00,Day,48.93581667,48.935817,48.8934,-14.83035,-14.83035,-15.048433,1000,1000,750,47,2,1488100,10.447,35.426,visual,-9999,-9999,-9999,"Gonostomatidae Cocco, 1838",urn:lsid:marinespecies.org:taxname:125601,Gonostomatidae,48.32,-9999,0.989356366,0.989356366,-9999,-9999,-9999,imaging_net_tow
20210517,10:07:00,Day,48.93581667,48.935817,48.8934,-14.83035,-14.83035,-15.048433,1000,1000,750,47,2,1488100,10.447,35.426,visual,-9999,-9999,-9999,"Gonostomatidae Cocco, 1838",urn:lsid:marinespecies.org:taxname:125601,Gonostomatidae,31.37,-9999,0.27146324,0.27146324,-9999,-9999,-9999,imaging_net_tow
20210517,10:07:00,Day,48.93581667,48.935817,48.8934,-14.83035,-14.83035,-15.048433,1000,1000,750,47,2,1488100,10.447,35.426,visual,-9999,-9999,-9999,"Gonostomatidae Cocco, 1838",urn:lsid:marinespecies.org:taxname:125601,Gonostomatidae,43.76,-9999,0.735323143,0.735323143,-9999,-9999,-9999,imaging_net_tow
20210517,10:07:00,Day,48.93581667,48.935817,48.8934,-14.83035,-14.83035,-15.048433,1000,1000,750,47,2,1488100,10.447,35.426,visual,-9999,-9999,-9999,"Gonostomatidae Cocco, 1838",urn:lsid:marinespecies.org:taxname:125601,Gonostomatidae,36.1,-9999,0.413333326,0.413333326,-9999,-9999,-9999,imaging_net_tow
20210517,10:07:00,Day,48.93581667,48.935817,48.8934,-14.83035,-14.83035,-15.048433,1000,1000,750,47,2,1488100,10.447,35.426,visual,-9999,-9999,-9999,"Gonostomatidae Cocco, 1838",urn:lsid:marinespecies.org:taxname:125601,Gonostomatidae,31.57,-9999,0.276677364,0.276677364,-9999,-9999,-9999,imaging_net_tow
20210517,10:07:00,Day,48.93581667,48.935817,48.8934,-14.83035,-14.83035,-15.048433,1000,1000,750,47,2,1488100,10.447,35.426,visual,-9999,-9999,-9999,"Gonostomatidae Cocco, 1838",urn:lsid:marinespecies.org:taxname:125601,Gonostomatidae,42.62,-9999,0.679453407,0.679453407,-9999,-9999,-9999,imaging_net_tow
20210517,10:07:00,Day,48.93581667,48.935817,48.8934,-14.83035,-14.83035,-15.048433,1000,1000,750,47,2,1488100,10.447,35.426,visual,-9999,-9999,-9999,"Gonostomatidae Cocco, 1838",urn:lsid:marinespecies.org:taxname:125601,Gonostomatidae,33.63,-9999,0.334314764,0.334314764,-9999,-9999,-9999,imaging_net_tow
20210517,10:07:00,Day,48.93581667,48.935817,48.8934,-14.83035,-14.83035,-15.048433,1000,1000,750,47,2,1488100,10.447,35.426,visual,-9999,-9999,-9999,"Gonostomatidae Cocco, 1838",urn:lsid:marinespecies.org:taxname:125601,Gonostomatidae,63.63,-9999,2.255257054,2.255257054,-9999,-9999,-9999,imaging_net_tow
20210517,10:07:00,Day,48.93581667,48.935817,48.8934,-14.83035,-14.83035,-15.048433,1000,1000,750,47,2,1488100,10.447,35.426,visual,-9999,-9999,-9999,"Gonostomatidae Cocco, 1838",urn:lsid:marinespecies.org:taxname:125601,Gonostomatidae,47.86,-9999,0.961427478,0.961427478,-9999,-9999,-9999,imaging_net_tow
20210517,10:07:00,Day,48.93581667,48.935817,48.8934,-14.83035,-14.83035,-15.048433,750,750,500,47,3,1710700,10.861,35.46,visual,-9999,-9999,-9999,"Myctophidae Gill, 1893",urn:lsid:marinespecies.org:taxname:125498,Myctophidae,19.65,-9999,0.084006873,0.084006873,-9999,-9999,-9999,imaging_net_tow
20210517,10:07:00,Day,48.93581667,48.935817,48.8934,-14.83035,-14.83035,-15.048433,750,750,500,47,3,1710700,10.861,35.46,visual,-9999,-9999,-9999,"Gonostomatidae Cocco, 1838",urn:lsid:marinespecies.org:taxname:125601,Gonostomatidae,33.72,-9999,0.337000275,0.337000275,-9999,-9999,-9999,imaging_net_tow
20210517,10:07:00,Day,48.93581667,48.935817,48.8934,-14.83035,-14.83035,-15.048433,750,750,500,47,3,1710700,10.861,35.46,visual,-9999,-9999,-9999,"Gonostomatidae Cocco, 1838",urn:lsid:marinespecies.org:taxname:125601,Gonostomatidae,29.89,-9999,0.234897806,0.234897806,-9999,-9999,-9999,imaging_net_tow
20210517,10:07:00,Day,48.93581667,48.935817,48.8934,-14.83035,-14.83035,-15.048433,750,750,500,47,3,1710700,10.861,35.46,visual,-9999,-9999,-9999,"Gonostomatidae Cocco, 1838",urn:lsid:marinespecies.org:taxname:125601,Gonostomatidae,34.17,-9999,0.350643512,0.350643512,-9999,-9999,-9999,imaging_net_tow
20210517,10:07:00,Day,48.93581667,48.935817,48.8934,-14.83035,-14.83035,-15.048433,750,750,500,47,3,1710700,10.861,35.46,visual,-9999,-9999,-9999,"Gonostomatidae Cocco, 1838",urn:lsid:marinespecies.org:taxname:125601,Gonostomatidae,31.65,-9999,0.278781547,0.278781547,-9999,-9999,-9999,imaging_net_tow
20210517,10:07:00,Day,48.93581667,48.935817,48.8934,-14.83035,-14.83035,-15.048433,750,750,500,47,3,1710700,10.861,35.46,visual,-9999,-9999,-9999,"Gonostomatidae Cocco, 1838",urn:lsid:marinespecies.org:taxname:125601,Gonostomatidae,33.4,-9999,0.327516622,0.327516622,-9999,-9999,-9999,imaging_net_tow
20210517,10:07:00,Day,48.93581667,48.935817,48.8934,-14.83035,-14.83035,-15.048433,750,750,500,47,3,1710700,10.861,35.46,visual,-9999,-9999,-9999,"Gonostomatidae Cocco, 1838",urn:lsid:marinespecies.org:taxname:125601,Gonostomatidae,37.35,-9999,0.457674202,0.457674202,-9999,-9999,-9999,imaging_net_tow
20210517,10:07:00,Day,48.93581667,48.935817,48.8934,-14.83035,-14.83035,-15.048433,500,500,400,47,4,1207000,10.885,35.458,visual,-9999,-9999,-9999,"Myctophidae Gill, 1893",urn:lsid:marinespecies.org:taxname:125498,Myctophidae,32.85,-9999,0.415396022,0.415396022,-9999,-9999,-9999,imaging_net_tow
20210517,10:07:00,Day,48.93581667,48.935817,48.8934,-14.83035,-14.83035,-15.048433,500,500,400,47,4,1207000,10.885,35.458,visual,-9999,-9999,-9999,"Myctophidae Gill, 1893",urn:lsid:marinespecies.org:taxname:125498,Myctophidae,37.4,-9999,0.62185368,0.62185368,-9999,-9999,-9999,imaging_net_tow
20210517,10:07:00,Day,48.93581667,48.935817,48.8934,-14.83035,-14.83035,-15.048433,500,500,400,47,4,1207000,10.885,35.458,visual,-9999,-9999,-9999,"Gonostomatidae Cocco, 1838",urn:lsid:marinespecies.org:taxname:125601,Gonostomatidae,28.82,-9999,0.210612444,0.210612444,-9999,-9999,-9999,imaging_net_tow
20210517,10:07:00,Day,48.93581667,48.935817,48.8934,-14.83035,-14.83035,-15.048433,500,500,400,47,4,1207000,10.885,35.458,visual,-9999,-9999,-9999,"Gonostomatidae Cocco, 1838",urn:lsid:marinespecies.org:taxname:125601,Gonostomatidae,23.92,-9999,0.120559473,0.120559473,-9999,-9999,-9999,imaging_net_tow
20210517,10:07:00,Day,48.93581667,48.935817,48.8934,-14.83035,-14.83035,-15.048433,400,400,300,47,5,997100,10.963,35.462,visual,-9999,-9999,-9999,"Sternoptychidae Duméril, 1805",urn:lsid:marinespecies.org:taxname:125603,Sternoptychidae,18.73,-9999,0.093035577,0.093035577,-9999,-9999,-9999,imaging_net_tow
20210517,10:07:00,Day,48.93581667,48.935817,48.8934,-14.83035,-14.83035,-15.048433,400,400,300,47,5,997100,10.963,35.462,visual,-9999,-9999,-9999,"Sternoptychidae Duméril, 1805",urn:lsid:marinespecies.org:taxname:125603,Sternoptychidae,19.8,-9999,0.109687387,0.109687387,-9999,-9999,-9999,imaging_net_tow
20210517,10:07:00,Day,48.93581667,48.935817,48.8934,-14.83035,-14.83035,-15.048433,400,400,300,47,5,997100,10.963,35.462,visual,-9999,-9999,-9999,"Myctophidae Gill, 1893",urn:lsid:marinespecies.org:taxname:125498,Myctophidae,23.29,-9999,0.142521655,0.142521655,-9999,-9999,-9999,imaging_net_tow
20210517,10:07:00,Day,48.93581667,48.935817,48.8934,-14.83035,-14.83035,-15.048433,400,400,300,47,5,997100,10.963,35.462,visual,-9999,-9999,-9999,"Myctophidae Gill, 1893",urn:lsid:marinespecies.org:taxname:125498,Myctophidae,22.89,-9999,0.135045297,0.135045297,-9999,-9999,-9999,imaging_net_tow
20210517,22:25:00,Night,48.93951667,48.939517,48.992517,-14.84025,-14.84025,-15.045833,1000,1000,750,48,2,1408100,10.476,35.428,visual,-9999,-9999,-9999,"Gonostomatidae Cocco, 1838",urn:lsid:marinespecies.org:taxname:125601,Gonostomatidae,38.38,-9999,0.496505705,0.496505705,-9999,-9999,-9999,imaging_net_tow
20210517,22:25:00,Night,48.93951667,48.939517,48.992517,-14.84025,-14.84025,-15.045833,1000,1000,750,48,2,1408100,10.476,35.428,visual,-9999,-9999,-9999,"Gonostomatidae Cocco, 1838",urn:lsid:marinespecies.org:taxname:125601,Gonostomatidae,39.78,-9999,0.552719158,0.552719158,-9999,-9999,-9999,imaging_net_tow
20210517,22:25:00,Night,48.93951667,48.939517,48.992517,-14.84025,-14.84025,-15.045833,1000,1000,750,48,2,1408100,10.476,35.428,visual,-9999,-9999,-9999,"Gonostomatidae Cocco, 1838",urn:lsid:marinespecies.org:taxname:125601,Gonostomatidae,30.27,-9999,0.243951513,0.243951513,-9999,-9999,-9999,imaging_net_tow
20210517,22:25:00,Night,48.93951667,48.939517,48.992517,-14.84025,-14.84025,-15.045833,1000,1000,750,48,2,1408100,10.476,35.428,visual,-9999,-9999,-9999,"Gonostomatidae Cocco, 1838",urn:lsid:marinespecies.org:taxname:125601,Gonostomatidae,34.16,-9999,0.350336403,0.350336403,-9999,-9999,-9999,imaging_net_tow
20210517,22:25:00,Night,48.93951667,48.939517,48.992517,-14.84025,-14.84025,-15.045833,750,750,500,48,3,1411400,10.863,35.592,visual,-9999,-9999,-9999,"Gonostomatidae Cocco, 1838",urn:lsid:marinespecies.org:taxname:125601,Gonostomatidae,31.8,-9999,0.282755561,0.282755561,-9999,-9999,-9999,imaging_net_tow
20210517,22:25:00,Night,48.93951667,48.939517,48.992517,-14.84025,-14.84025,-15.045833,750,750,500,48,3,1411400,10.863,35.592,visual,-9999,-9999,-9999,"Gonostomatidae Cocco, 1838",urn:lsid:marinespecies.org:taxname:125601,Gonostomatidae,34.9,-9999,0.373549924,0.373549924,-9999,-9999,-9999,imaging_net_tow
20210517,22:25:00,Night,48.93951667,48.939517,48.992517,-14.84025,-14.84025,-15.045833,750,750,500,48,3,1411400,10.863,35.592,visual,-9999,-9999,-9999,"Gonostomatidae Cocco, 1838",urn:lsid:marinespecies.org:taxname:125601,Gonostomatidae,41.53,-9999,0.628748315,0.628748315,-9999,-9999,-9999,imaging_net_tow
20210517,22:25:00,Night,48.93951667,48.939517,48.992517,-14.84025,-14.84025,-15.045833,750,750,500,48,3,1411400,10.863,35.592,visual,-9999,-9999,-9999,"Gonostomatidae Cocco, 1838",urn:lsid:marinespecies.org:taxname:125601,Gonostomatidae,38.72,-9999,0.509789598,0.509789598,-9999,-9999,-9999,imaging_net_tow
20210517,22:25:00,Night,48.93951667,48.939517,48.992517,-14.84025,-14.84025,-15.045833,300,300,200,48,6,953000,11.175,35.485,visual,-9999,-9999,-9999,"Sternoptychidae Duméril, 1805",urn:lsid:marinespecies.org:taxname:125603,Sternoptychidae,15.99,-9999,0.058219848,0.058219848,-9999,-9999,-9999,imaging_net_tow
20210517,22:25:00,Night,48.93951667,48.939517,48.992517,-14.84025,-14.84025,-15.045833,150,150,100,48,8,720200,11.912,35.561,visual,-9999,-9999,-9999,"Sternoptychidae Duméril, 1805",urn:lsid:marinespecies.org:taxname:125603,Sternoptychidae,27.25,-9999,0.282639455,0.282639455,-9999,-9999,-9999,imaging_net_tow
20210517,22:25:00,Night,48.93951667,48.939517,48.992517,-14.84025,-14.84025,-15.045833,100,100,50,48,9,613800,12.508,35.561,visual,-9999,-9999,-9999,"Myctophidae Gill, 1893",urn:lsid:marinespecies.org:taxname:125498,Myctophidae,25.15,-9999,0.180995952,0.180995952,-9999,-9999,-9999,imaging_net_tow
20210517,22:25:00,Night,48.93951667,48.939517,48.992517,-14.84025,-14.84025,-15.045833,50,50,0,48,10,443400,-9999,-9999,visual,-9999,-9999,-9999,"Myctophidae Gill, 1893",urn:lsid:marinespecies.org:taxname:125498,Myctophidae,27.4,-9999,0.236272574,0.236272574,-9999,-9999,-9999,imaging_net_tow
20210517,22:25:00,Night,48.93951667,48.939517,48.992517,-14.84025,-14.84025,-15.045833,50,50,0,48,10,443400,-9999,-9999,visual,-9999,-9999,-9999,"Myctophidae Gill, 1893",urn:lsid:marinespecies.org:taxname:125498,Myctophidae,25.81,-9999,0.196182582,0.196182582,-9999,-9999,-9999,imaging_net_tow
20210517,22:25:00,Night,48.93951667,48.939517,48.992517,-14.84025,-14.84025,-15.045833,50,50,0,48,10,443400,-9999,-9999,visual,-9999,-9999,-9999,"Myctophidae Gill, 1893",urn:lsid:marinespecies.org:taxname:125498,Myctophidae,16.21,-9999,0.046169213,0.046169213,-9999,-9999,-9999,imaging_net_tow
20210517,22:25:00,Night,48.93951667,48.939517,48.992517,-14.84025,-14.84025,-15.045833,50,50,0,48,10,443400,-9999,-9999,visual,-9999,-9999,-9999,"Myctophidae Gill, 1893",urn:lsid:marinespecies.org:taxname:125498,Myctophidae,31.95,-9999,0.381010878,0.381010878,-9999,-9999,-9999,imaging_net_tow
20210517,22:25:00,Night,48.93951667,48.939517,48.992517,-14.84025,-14.84025,-15.045833,50,50,0,48,10,443400,-9999,-9999,visual,-9999,-9999,-9999,"Myctophidae Gill, 1893",urn:lsid:marinespecies.org:taxname:125498,Myctophidae,35.91,-9999,0.547988069,0.547988069,-9999,-9999,-9999,imaging_net_tow
20210517,22:25:00,Night,48.93951667,48.939517,48.992517,-14.84025,-14.84025,-15.045833,50,50,0,48,10,443400,-9999,-9999,visual,-9999,-9999,-9999,"Myctophidae Gill, 1893",urn:lsid:marinespecies.org:taxname:125498,Myctophidae,28,-9999,0.252739961,0.252739961,-9999,-9999,-9999,imaging_net_tow
20210517,22:25:00,Night,48.93951667,48.939517,48.992517,-14.84025,-14.84025,-15.045833,50,50,0,48,10,443400,-9999,-9999,visual,-9999,-9999,-9999,"Myctophidae Gill, 1893",urn:lsid:marinespecies.org:taxname:125498,Myctophidae,27.47,-9999,0.238155103,0.238155103,-9999,-9999,-9999,imaging_net_tow
20210517,22:25:00,Night,48.93951667,48.939517,48.992517,-14.84025,-14.84025,-15.045833,50,50,0,48,10,443400,-9999,-9999,visual,-9999,-9999,-9999,"Myctophidae Gill, 1893",urn:lsid:marinespecies.org:taxname:125498,Myctophidae,25.71,-9999,0.19382804,0.19382804,-9999,-9999,-9999,imaging_net_tow
20210517,22:25:00,Night,48.93951667,48.939517,48.992517,-14.84025,-14.84025,-15.045833,50,50,0,48,10,443400,-9999,-9999,visual,-9999,-9999,-9999,"Myctophidae Gill, 1893",urn:lsid:marinespecies.org:taxname:125498,Myctophidae,25.5,-9999,0.188946056,0.188946056,-9999,-9999,-9999,imaging_net_tow
20210517,22:25:00,Night,48.93951667,48.939517,48.992517,-14.84025,-14.84025,-15.045833,50,50,0,48,10,443400,-9999,-9999,visual,-9999,-9999,-9999,"Myctophidae Gill, 1893",urn:lsid:marinespecies.org:taxname:125498,Myctophidae,13.687,-9999,0.02901144,0.02901144,-9999,-9999,jc0214_m48_n10_5000_1_34,imaging_net_tow
20210517,22:25:00,Night,48.93951667,48.939517,48.992517,-14.84025,-14.84025,-15.045833,50,50,0,48,10,443400,-9999,-9999,visual,-9999,-9999,-9999,"Myctophidae Gill, 1893",urn:lsid:marinespecies.org:taxname:125498,Myctophidae,13.687,-9999,0.02901144,0.02901144,-9999,-9999,jc0214_m48_n10_5000_1_34,imaging_net_tow
20210517,22:25:00,Night,48.93951667,48.939517,48.992517,-14.84025,-14.84025,-15.045833,50,50,0,48,10,443400,-9999,-9999,visual,-9999,-9999,-9999,"Myctophidae Gill, 1893",urn:lsid:marinespecies.org:taxname:125498,Myctophidae,13.687,-9999,0.02901144,0.02901144,-9999,-9999,jc0214_m48_n10_5000_1_34,imaging_net_tow
20210517,22:25:00,Night,48.93951667,48.939517,48.992517,-14.84025,-14.84025,-15.045833,50,50,0,48,10,443400,-9999,-9999,visual,-9999,-9999,-9999,"Myctophidae Gill, 1893",urn:lsid:marinespecies.org:taxname:125498,Myctophidae,13.687,-9999,0.02901144,0.02901144,-9999,-9999,jc0214_m48_n10_5000_1_34,imaging_net_tow
20210526,10:16:00,Day,48.74221667,48.742217,48.591667,-14.861933,-14.861933,-14.8163,1000,1000,750,89,2,1808200,10.515,35.432,visual,-9999,-9999,-9999,"Gonostomatidae Cocco, 1838",urn:lsid:marinespecies.org:taxname:125601,Gonostomatidae,65.37,-9999,2.444956154,2.444956154,-9999,-9999,-9999,imaging_net_tow
20210526,10:16:00,Day,48.74221667,48.742217,48.591667,-14.861933,-14.861933,-14.8163,1000,1000,750,89,2,1808200,10.515,35.432,visual,-9999,-9999,-9999,"Gonostomatidae Cocco, 1838",urn:lsid:marinespecies.org:taxname:125601,Gonostomatidae,66.13,-9999,2.531041115,2.531041115,-9999,-9999,-9999,imaging_net_tow
20210526,10:16:00,Day,48.74221667,48.742217,48.591667,-14.861933,-14.861933,-14.8163,1000,1000,750,89,2,1808200,10.515,35.432,visual,-9999,-9999,-9999,"Gonostomatidae Cocco, 1838",urn:lsid:marinespecies.org:taxname:125601,Gonostomatidae,48.29,-9999,0.98751866,0.98751866,-9999,-9999,-9999,imaging_net_tow
20210526,10:16:00,Day,48.74221667,48.742217,48.591667,-14.861933,-14.861933,-14.8163,1000,1000,750,89,2,1808200,10.515,35.432,visual,-9999,-9999,-9999,"Gonostomatidae Cocco, 1838",urn:lsid:marinespecies.org:taxname:125601,Gonostomatidae,52.81,-9999,1.290846441,1.290846441,-9999,-9999,-9999,imaging_net_tow
20210526,10:16:00,Day,48.74221667,48.742217,48.591667,-14.861933,-14.861933,-14.8163,1000,1000,750,89,2,1808200,10.515,35.432,visual,-9999,-9999,-9999,"Gonostomatidae Cocco, 1838",urn:lsid:marinespecies.org:taxname:125601,Gonostomatidae,34.37,-9999,0.356823391,0.356823391,-9999,-9999,-9999,imaging_net_tow
20210526,10:16:00,Day,48.74221667,48.742217,48.591667,-14.861933,-14.861933,-14.8163,1000,1000,750,89,2,1808200,10.515,35.432,visual,-9999,-9999,-9999,"Gonostomatidae Cocco, 1838",urn:lsid:marinespecies.org:taxname:125601,Gonostomatidae,29.53,-9999,0.226529668,0.226529668,-9999,-9999,-9999,imaging_net_tow
20210526,10:16:00,Day,48.74221667,48.742217,48.591667,-14.861933,-14.861933,-14.8163,1000,1000,750,89,2,1808200,10.515,35.432,visual,-9999,-9999,-9999,"Gonostomatidae Cocco, 1838",urn:lsid:marinespecies.org:taxname:125601,Gonostomatidae,25.41,-9999,0.144465645,0.144465645,-9999,-9999,-9999,imaging_net_tow
20210526,10:16:00,Day,48.74221667,48.742217,48.591667,-14.861933,-14.861933,-14.8163,750,750,500,89,3,1553600,10.85,35.46,visual,-9999,-9999,-9999,"Gonostomatidae Cocco, 1838",urn:lsid:marinespecies.org:taxname:125601,Gonostomatidae,30.06,-9999,0.238919968,0.238919968,-9999,-9999,-9999,imaging_net_tow
20210526,10:16:00,Day,48.74221667,48.742217,48.591667,-14.861933,-14.861933,-14.8163,750,750,500,89,3,1553600,10.85,35.46,visual,-9999,-9999,-9999,"Gonostomatidae Cocco, 1838",urn:lsid:marinespecies.org:taxname:125601,Gonostomatidae,35.2,-9999,0.383245157,0.383245157,-9999,-9999,-9999,imaging_net_tow
20210526,10:16:00,Day,48.74221667,48.742217,48.591667,-14.861933,-14.861933,-14.8163,750,750,500,89,3,1553600,10.85,35.46,visual,-9999,-9999,-9999,"Gonostomatidae Cocco, 1838",urn:lsid:marinespecies.org:taxname:125601,Gonostomatidae,37.75,-9999,0.472504558,0.472504558,-9999,-9999,-9999,imaging_net_tow
20210526,10:16:00,Day,48.74221667,48.742217,48.591667,-14.861933,-14.861933,-14.8163,750,750,500,89,3,1553600,10.85,35.46,visual,-9999,-9999,-9999,"Gonostomatidae Cocco, 1838",urn:lsid:marinespecies.org:taxname:125601,Gonostomatidae,34.25,-9999,0.353106837,0.353106837,-9999,-9999,-9999,imaging_net_tow
20210526,10:16:00,Day,48.74221667,48.742217,48.591667,-14.861933,-14.861933,-14.8163,750,750,500,89,3,1553600,10.85,35.46,visual,-9999,-9999,-9999,"Gonostomatidae Cocco, 1838",urn:lsid:marinespecies.org:taxname:125601,Gonostomatidae,28.12,-9999,0.195666327,0.195666327,-9999,-9999,-9999,imaging_net_tow
20210526,10:16:00,Day,48.74221667,48.742217,48.591667,-14.861933,-14.861933,-14.8163,750,750,500,89,3,1553600,10.85,35.46,visual,-9999,-9999,-9999,"Gonostomatidae Cocco, 1838",urn:lsid:marinespecies.org:taxname:125601,Gonostomatidae,46.07,-9999,0.857745744,0.857745744,-9999,-9999,-9999,imaging_net_tow
20210526,10:16:00,Day,48.74221667,48.742217,48.591667,-14.861933,-14.861933,-14.8163,750,750,500,89,3,1553600,10.85,35.46,visual,-9999,-9999,-9999,"Gonostomatidae Cocco, 1838",urn:lsid:marinespecies.org:taxname:125601,Gonostomatidae,33.54,-9999,0.331643542,0.331643542,-9999,-9999,-9999,imaging_net_tow
20210526,10:16:00,Day,48.74221667,48.742217,48.591667,-14.861933,-14.861933,-14.8163,750,750,500,89,3,1553600,10.85,35.46,visual,-9999,-9999,-9999,"Gonostomatidae Cocco, 1838",urn:lsid:marinespecies.org:taxname:125601,Gonostomatidae,36.45,-9999,0.425446263,0.425446263,-9999,-9999,-9999,imaging_net_tow
20210526,10:16:00,Day,48.74221667,48.742217,48.591667,-14.861933,-14.861933,-14.8163,750,750,500,89,3,1553600,10.85,35.46,visual,-9999,-9999,-9999,"Gonostomatidae Cocco, 1838",urn:lsid:marinespecies.org:taxname:125601,Gonostomatidae,37.21,-9999,0.452557761,0.452557761,-9999,-9999,-9999,imaging_net_tow
20210526,10:16:00,Day,48.74221667,48.742217,48.591667,-14.861933,-14.861933,-14.8163,750,750,500,89,3,1553600,10.85,35.46,visual,-9999,-9999,-9999,"Gonostomatidae Cocco, 1838",urn:lsid:marinespecies.org:taxname:125601,Gonostomatidae,36.42,-9999,0.424398869,0.424398869,-9999,-9999,-9999,imaging_net_tow
20210526,10:16:00,Day,48.74221667,48.742217,48.591667,-14.861933,-14.861933,-14.8163,500,500,400,89,4,993100,10.904,35.589,visual,-9999,-9999,-9999,"Myctophidae Gill, 1893",urn:lsid:marinespecies.org:taxname:125498,Myctophidae,43.32,-9999,0.982158292,0.982158292,-9999,-9999,-9999,imaging_net_tow
20210526,10:16:00,Day,48.74221667,48.742217,48.591667,-14.861933,-14.861933,-14.8163,500,500,400,89,4,993100,10.904,35.589,visual,-9999,-9999,-9999,"Myctophidae Gill, 1893",urn:lsid:marinespecies.org:taxname:125498,Myctophidae,33.9,-9999,0.458103154,0.458103154,-9999,-9999,-9999,imaging_net_tow
20210526,10:16:00,Day,48.74221667,48.742217,48.591667,-14.861933,-14.861933,-14.8163,500,500,400,89,4,993100,10.904,35.589,visual,-9999,-9999,-9999,"Myctophidae Gill, 1893",urn:lsid:marinespecies.org:taxname:125498,Myctophidae,16.68,-9999,0.050461651,0.050461651,-9999,-9999,-9999,imaging_net_tow
20210526,10:16:00,Day,48.74221667,48.742217,48.591667,-14.861933,-14.861933,-14.8163,500,500,400,89,4,993100,10.904,35.589,visual,-9999,-9999,-9999,"Myctophidae Gill, 1893",urn:lsid:marinespecies.org:taxname:125498,Myctophidae,16.29,-9999,0.046881623,0.046881623,-9999,-9999,-9999,imaging_net_tow
20210526,10:16:00,Day,48.74221667,48.742217,48.591667,-14.861933,-14.861933,-14.8163,500,500,400,89,4,993100,10.904,35.589,visual,-9999,-9999,-9999,"Myctophidae Gill, 1893",urn:lsid:marinespecies.org:taxname:125498,Myctophidae,15.11,-9999,0.037104693,0.037104693,-9999,-9999,-9999,imaging_net_tow
20210526,10:16:00,Day,48.74221667,48.742217,48.591667,-14.861933,-14.861933,-14.8163,500,500,400,89,4,993100,10.904,35.589,visual,-9999,-9999,-9999,"Myctophidae Gill, 1893",urn:lsid:marinespecies.org:taxname:125498,Myctophidae,19.47,-9999,0.08163642,0.08163642,-9999,-9999,-9999,imaging_net_tow
20210526,10:16:00,Day,48.74221667,48.742217,48.591667,-14.861933,-14.861933,-14.8163,500,500,400,89,4,993100,10.904,35.589,visual,-9999,-9999,-9999,"Myctophidae Gill, 1893",urn:lsid:marinespecies.org:taxname:125498,Myctophidae,15.31,-9999,0.038653715,0.038653715,-9999,-9999,-9999,imaging_net_tow
20210526,10:16:00,Day,48.74221667,48.742217,48.591667,-14.861933,-14.861933,-14.8163,500,500,400,89,4,993100,10.904,35.589,visual,-9999,-9999,-9999,"Gonostomatidae Cocco, 1838",urn:lsid:marinespecies.org:taxname:125601,Gonostomatidae,23.2,-9999,0.110018659,0.110018659,-9999,-9999,-9999,imaging_net_tow
20210526,10:16:00,Day,48.74221667,48.742217,48.591667,-14.861933,-14.861933,-14.8163,500,500,400,89,4,993100,10.904,35.589,visual,-9999,-9999,-9999,"Gonostomatidae Cocco, 1838",urn:lsid:marinespecies.org:taxname:125601,Gonostomatidae,23.26,-9999,0.110872637,0.110872637,-9999,-9999,-9999,imaging_net_tow
20210526,10:16:00,Day,48.74221667,48.742217,48.591667,-14.861933,-14.861933,-14.8163,400,400,300,89,5,1156700,10.964,35.462,visual,-9999,-9999,-9999,"Sternoptychidae Duméril, 1805",urn:lsid:marinespecies.org:taxname:125603,Sternoptychidae,27.38,-9999,0.28665444,0.28665444,-9999,-9999,-9999,imaging_net_tow
20210526,10:16:00,Day,48.74221667,48.742217,48.591667,-14.861933,-14.861933,-14.8163,400,400,300,89,5,1156700,10.964,35.462,visual,-9999,-9999,-9999,"Sternoptychidae Duméril, 1805",urn:lsid:marinespecies.org:taxname:125603,Sternoptychidae,25.68,-9999,0.23705686,0.23705686,-9999,-9999,-9999,imaging_net_tow
20210526,10:16:00,Day,48.74221667,48.742217,48.591667,-14.861933,-14.861933,-14.8163,400,400,300,89,5,1156700,10.964,35.462,visual,-9999,-9999,-9999,"Sternoptychidae Duméril, 1805",urn:lsid:marinespecies.org:taxname:125603,Sternoptychidae,23.11,-9999,0.17343125,0.17343125,-9999,-9999,-9999,imaging_net_tow
20210526,10:16:00,Day,48.74221667,48.742217,48.591667,-14.861933,-14.861933,-14.8163,400,400,300,89,5,1156700,10.964,35.462,visual,-9999,-9999,-9999,"Myctophidae Gill, 1893",urn:lsid:marinespecies.org:taxname:125498,Myctophidae,29.01,-9999,0.282189853,0.282189853,-9999,-9999,-9999,imaging_net_tow
20210526,10:16:00,Day,48.74221667,48.742217,48.591667,-14.861933,-14.861933,-14.8163,400,400,300,89,5,1156700,10.964,35.462,visual,-9999,-9999,-9999,"Myctophidae Gill, 1893",urn:lsid:marinespecies.org:taxname:125498,Myctophidae,29.41,-9999,0.294469023,0.294469023,-9999,-9999,-9999,imaging_net_tow
20210526,10:16:00,Day,48.74221667,48.742217,48.591667,-14.861933,-14.861933,-14.8163,300,300,200,89,6,1180800,11.186,35.487,visual,-9999,-9999,-9999,"Sternoptychidae Duméril, 1805",urn:lsid:marinespecies.org:taxname:125603,Sternoptychidae,24.65,-9999,0.20997263,0.20997263,-9999,-9999,-9999,imaging_net_tow
20210526,10:16:00,Day,48.74221667,48.742217,48.591667,-14.861933,-14.861933,-14.8163,200,200,150,89,7,482000,11.446,35.508,visual,-9999,-9999,-9999,"Gonostomatidae Cocco, 1838",urn:lsid:marinespecies.org:taxname:125601,Gonostomatidae,32.386,-9999,0.3168815,0.3168815,-9999,-9999,-9999,208907_5000_1_2_1_tot_1_179
20210526,21:18:00,Night,48.74331667,48.743317,48.834817,-14.878217,-14.878217,-15.10875,1000,1000,750,90,2,1418800,10.578,35.434,visual,-9999,-9999,-9999,"Gonostomatidae Cocco, 1838",urn:lsid:marinespecies.org:taxname:125601,Gonostomatidae,45.51,-9999,0.826910081,0.826910081,-9999,-9999,-9999,imaging_net_tow
20210526,21:18:00,Night,48.74331667,48.743317,48.834817,-14.878217,-14.878217,-15.10875,1000,1000,750,90,2,1418800,10.578,35.434,visual,-9999,-9999,-9999,"Gonostomatidae Cocco, 1838",urn:lsid:marinespecies.org:taxname:125601,Gonostomatidae,34.25,-9999,0.353106837,0.353106837,-9999,-9999,-9999,imaging_net_tow
20210526,21:18:00,Night,48.74331667,48.743317,48.834817,-14.878217,-14.878217,-15.10875,1000,1000,750,90,2,1418800,10.578,35.434,visual,-9999,-9999,-9999,"Gonostomatidae Cocco, 1838",urn:lsid:marinespecies.org:taxname:125601,Gonostomatidae,32.06,-9999,0.289732901,0.289732901,-9999,-9999,-9999,imaging_net_tow
20210526,21:18:00,Night,48.74331667,48.743317,48.834817,-14.878217,-14.878217,-15.10875,1000,1000,750,90,2,1418800,10.578,35.434,visual,-9999,-9999,-9999,"Gonostomatidae Cocco, 1838",urn:lsid:marinespecies.org:taxname:125601,Gonostomatidae,32.63,-9999,0.305428608,0.305428608,-9999,-9999,-9999,imaging_net_tow
20210526,21:18:00,Night,48.74331667,48.743317,48.834817,-14.878217,-14.878217,-15.10875,1000,1000,750,90,2,1418800,10.578,35.434,visual,-9999,-9999,-9999,"Gonostomatidae Cocco, 1838",urn:lsid:marinespecies.org:taxname:125601,Gonostomatidae,38.77,-9999,0.511762849,0.511762849,-9999,-9999,-9999,imaging_net_tow
20210526,21:18:00,Night,48.74331667,48.743317,48.834817,-14.878217,-14.878217,-15.10875,1000,1000,750,90,2,1418800,10.578,35.434,visual,-9999,-9999,-9999,"Myctophidae Gill, 1893",urn:lsid:marinespecies.org:taxname:125498,Myctophidae,50.74,-9999,1.605997927,1.605997927,-9999,-9999,-9999,imaging_net_tow
20210526,21:18:00,Night,48.74331667,48.743317,48.834817,-14.878217,-14.878217,-15.10875,1000,1000,750,90,2,1418800,10.578,35.434,visual,-9999,-9999,-9999,"Gonostomatidae Cocco, 1838",urn:lsid:marinespecies.org:taxname:125601,Gonostomatidae,40.26,-9999,0.572925696,0.572925696,-9999,-9999,-9999,imaging_net_tow
20210526,21:18:00,Night,48.74331667,48.743317,48.834817,-14.878217,-14.878217,-15.10875,750,750,500,90,3,1573700,10.874,35.46,visual,-9999,-9999,-9999,"Gonostomatidae Cocco, 1838",urn:lsid:marinespecies.org:taxname:125601,Gonostomatidae,31.88,-9999,0.284890377,0.284890377,-9999,-9999,-9999,imaging_net_tow
20210526,21:18:00,Night,48.74331667,48.743317,48.834817,-14.878217,-14.878217,-15.10875,750,750,500,90,3,1573700,10.874,35.46,visual,-9999,-9999,-9999,"Gonostomatidae Cocco, 1838",urn:lsid:marinespecies.org:taxname:125601,Gonostomatidae,22.13,-9999,0.095516259,0.095516259,-9999,-9999,-9999,imaging_net_tow
20210526,21:18:00,Night,48.74331667,48.743317,48.834817,-14.878217,-14.878217,-15.10875,750,750,500,90,3,1573700,10.874,35.46,visual,-9999,-9999,-9999,"Gonostomatidae Cocco, 1838",urn:lsid:marinespecies.org:taxname:125601,Gonostomatidae,50.32,-9999,1.117073208,1.117073208,-9999,-9999,-9999,imaging_net_tow
20210526,21:18:00,Night,48.74331667,48.743317,48.834817,-14.878217,-14.878217,-15.10875,300,300,200,90,6,1227700,11.565,35.523,visual,-9999,-9999,-9999,"Sternoptychidae Duméril, 1805",urn:lsid:marinespecies.org:taxname:125603,Sternoptychidae,19.25,-9999,0.100901312,0.100901312,-9999,-9999,-9999,imaging_net_tow
20210526,21:18:00,Night,48.74331667,48.743317,48.834817,-14.878217,-14.878217,-15.10875,200,200,150,90,7,443900,11.959,35.553,visual,-9999,-9999,-9999,"Sternoptychidae Duméril, 1805",urn:lsid:marinespecies.org:taxname:125603,Sternoptychidae,26.79,-9999,0.268732028,0.268732028,-9999,-9999,-9999,imaging_net_tow
20210526,21:18:00,Night,48.74331667,48.743317,48.834817,-14.878217,-14.878217,-15.10875,50,50,0,90,10,510700,-9999,-9999,visual,-9999,-9999,-9999,"Gonostomatidae Cocco, 1838",urn:lsid:marinespecies.org:taxname:125601,Gonostomatidae,42.18,-9999,0.658669857,0.658669857,-9999,-9999,-9999,imaging_net_tow
20210526,21:18:00,Night,48.74331667,48.743317,48.834817,-14.878217,-14.878217,-15.10875,50,50,0,90,10,510700,-9999,-9999,visual,-9999,-9999,-9999,"Gonostomatidae Cocco, 1838",urn:lsid:marinespecies.org:taxname:125601,Gonostomatidae,28.86,-9999,0.211488735,0.211488735,-9999,-9999,-9999,imaging_net_tow
20210526,21:18:00,Night,48.74331667,48.743317,48.834817,-14.878217,-14.878217,-15.10875,50,50,0,90,10,510700,-9999,-9999,visual,-9999,-9999,-9999,"Myctophidae Gill, 1893",urn:lsid:marinespecies.org:taxname:125498,Myctophidae,12.38,-9999,0.019963952,0.019963952,-9999,-9999,-9999,imaging_net_tow
20210526,21:18:00,Night,48.74331667,48.743317,48.834817,-14.878217,-14.878217,-15.10875,50,50,0,90,10,510700,-9999,-9999,visual,-9999,-9999,-9999,"Myctophidae Gill, 1893",urn:lsid:marinespecies.org:taxname:125498,Myctophidae,17.7,-9999,0.060692895,0.060692895,-9999,-9999,-9999,imaging_net_tow
20210526,21:18:00,Night,48.74331667,48.743317,48.834817,-14.878217,-14.878217,-15.10875,50,50,0,90,10,510700,-9999,-9999,visual,-9999,-9999,-9999,"Myctophidae Gill, 1893",urn:lsid:marinespecies.org:taxname:125498,Myctophidae,31.41,-9999,0.361336322,0.361336322,-9999,-9999,-9999,imaging_net_tow
20210526,21:18:00,Night,48.74331667,48.743317,48.834817,-14.878217,-14.878217,-15.10875,50,50,0,90,10,510700,-9999,-9999,visual,-9999,-9999,-9999,"Myctophidae Gill, 1893",urn:lsid:marinespecies.org:taxname:125498,Myctophidae,32.41,-9999,0.398333659,0.398333659,-9999,-9999,-9999,imaging_net_tow
20210526,21:18:00,Night,48.74331667,48.743317,48.834817,-14.878217,-14.878217,-15.10875,50,50,0,90,10,510700,-9999,-9999,visual,-9999,-9999,-9999,"Myctophidae Gill, 1893",urn:lsid:marinespecies.org:taxname:125498,Myctophidae,34.34,-9999,0.476851479,0.476851479,-9999,-9999,-9999,imaging_net_tow